category,subcategory,ID,Description,GeneRatio,BgRatio,RichFactor,FoldEnrichment,zScore,pvalue,p.adjust,qvalue,geneID,Count
Organismal Systems,Aging,hsa04213,Longevity regulating pathway - multiple species,6/152,62/9446,0.0967741935483871,6.014006791171477,5.065335361716814,4.600772198290411e-4,0.12146038603486686,0.10266986379342813,PIK3R3/EIF4EBP2/CAT/AKT1/ADCY7/ADCY3,6
Metabolism,Nucleotide metabolism,hsa00230,Purine metabolism,8/152,128/9446,0.0625,3.8840460526315788,4.201141058365201,0.0010480894367246802,0.13834780564765778,0.11694471609770116,AK4/GUCY2C/ADCY7/APRT/PDE4A/PDE4C/ADCY3/DGUOK,8
Organismal Systems,Endocrine system,hsa04923,Regulation of lipolysis in adipocytes,5/152,59/9446,0.0847457627118644,5.266503122212311,4.203936096025997,0.0025136999450016476,0.13943013646478694,0.11785960498618354,PIK3R3/ADRB1/AKT1/ADCY7/ADCY3,5
Human Diseases,Cancer: specific types,hsa05213,Endometrial cancer,5/152,59/9446,0.0847457627118644,5.266503122212311,4.203936096025997,0.0025136999450016476,0.13943013646478694,0.11785960498618354,PIK3R3/ILK/AKT1/AXIN2/SOS1,5
Human Diseases,Infectious disease: viral,hsa05166,Human T-cell leukemia virus 1 infection,10/152,224/9446,0.044642857142857144,2.7743186090225564,3.436881027657321,0.003282549764365498,0.13943013646478694,0.11785960498618354,PIK3R3/CRTC2/IL15RA/CHEK1/AKT1/SMAD3/ADCY7/KAT2A/STAT5B/ADCY3,10
Organismal Systems,Endocrine system,hsa04935,"Growth hormone synthesis, secretion and action",7/152,122/9446,0.05737704918032787,3.5656816220880065,3.6475645590166916,0.0034837042811224324,0.13943013646478694,0.11785960498618354,PIK3R3/AKT1/ADCY7/STAT5B/STAT3/ADCY3/SOS1,7
Human Diseases,Cancer: specific types,hsa05221,Acute myeloid leukemia,5/152,68/9446,0.07352941176470588,4.569465944272446,3.777670075665615,0.004663723875219,0.13943013646478694,0.11785960498618354,PIK3R3/AKT1/STAT5B/STAT3/SOS1,5
Human Diseases,Neurodegenerative disease,hsa05022,Pathways of neurodegeneration - multiple diseases,16/152,483/9446,0.033126293995859216,2.0586248229268826,3.0542907818600704,0.004718265800222725,0.13943013646478694,0.11785960498618354,PSMB2/CAPN2/CAT/SPTBN2/WNT5B/GPX2/PSEN1/NDUFAB1/UBE2G1/UBB/AXIN2/TUBB8B/NDUFS7/TOMM40/COX7A2L/RPS27A,16
Human Diseases,Infectious disease: viral,hsa05161,Hepatitis B,8/152,163/9446,0.049079754601226995,3.0500484339683567,3.3762546063711087,0.004753300106754101,0.13943013646478694,0.11785960498618354,HSPG2/PIK3R3/AKT1/SMAD3/STAT5B/STAT3/IRF3/SOS1,8
Organismal Systems,Endocrine system,hsa04917,Prolactin signaling pathway,5/152,71/9446,0.07042253521126761,4.376389918458117,3.6518890290016834,0.005605821751049607,0.1479936942277096,0.1250983380234228,PIK3R3/AKT1/STAT5B/STAT3/SOS1,5
Human Diseases,Cancer: specific types,hsa05223,Non-small cell lung cancer,5/152,73/9446,0.0684931506849315,4.25648882480173,3.5718495258626746,0.006303960990919081,0.14858645621949526,0.12559939680435803,PIK3R3/AKT1/STAT5B/STAT3/SOS1,5
Cellular Processes,Transport and catabolism,hsa04137,Mitophagy - animal,6/152,105/9446,0.05714285714285714,3.5511278195488725,3.36164325455914,0.006852481881676069,0.14858645621949526,0.12559939680435803,PGAM5/USP8/UBB/RHOT1/TOMM40/RPS27A,6
Human Diseases,Cancer: specific types,hsa05212,Pancreatic cancer,5/152,77/9446,0.06493506493506493,4.035372522214627,3.42004785128215,0.007879584799518688,0.14858645621949526,0.12559939680435803,PIK3R3/BRCA2/AKT1/SMAD3/STAT3,5
Human Diseases,Cancer: specific types,hsa05220,Chronic myeloid leukemia,5/152,77/9446,0.06493506493506493,4.035372522214627,3.42004785128215,0.007879584799518688,0.14858645621949526,0.12559939680435803,PIK3R3/AKT1/SMAD3/STAT5B/SOS1,5
Cellular Processes,Cellular community - eukaryotes,hsa04550,Signaling pathways regulating pluripotency of stem cells,7/152,144/9446,0.04861111111111111,3.020924707602339,3.125105282968748,0.008536036877081436,0.15023424903663327,0.12699226792570276,PIK3R3/WNT5B/AKT1/SMAD3/STAT3/AXIN2/PCGF1,7
Human Diseases,Cancer: specific types,hsa05224,Breast cancer,7/152,148/9446,0.0472972972972973,2.9392780938833574,3.040868357648534,0.009848291378623728,0.1617540883080058,0.13672993110565085,PIK3R3/WNT5B/BRCA2/AKT1/BRCA1/AXIN2/SOS1,7
Human Diseases,Cancer: overview,hsa05208,Chemical carcinogenesis - reactive oxygen species,9/152,227/9446,0.039647577092511016,2.463888244841178,2.8549623511814644,0.01099306016165937,0.1617540883080058,0.13672993110565085,PIK3R3/CYP2E1/CAT/AKT1/NDUFAB1/NDUFS7/PRKD3/SOS1/COX7A2L,9
Metabolism,Global and overview maps,hsa01200,Carbon metabolism,6/152,117/9446,0.05128205128205128,3.186909581646424,3.0438808807876487,0.011391257575265464,0.1617540883080058,0.13672993110565085,GLUD1/PGAM1/CAT/IDH2/PGP/MDH1,6
Genetic Information Processing,Replication and repair,hsa03460,Fanconi anemia pathway,4/152,55/9446,0.07272727272727272,4.519617224880383,3.347667375718185,0.011641392719136782,0.1617540883080058,0.13672993110565085,RPA2/BRCA2/FANCA/BRCA1,4
Human Diseases,Endocrine and metabolic disease,hsa04934,Cushing syndrome,7/152,155/9446,0.04516129032258064,2.806536502546689,2.900032075169512,0.012491004465583455,0.16311299663060638,0.13787860959205964,PBX1/WNT5B/KMT2D/USP8/ADCY7/AXIN2/ADCY3,7
Human Diseases,Cancer: specific types,hsa05210,Colorectal cancer,5/152,87/9446,0.05747126436781609,3.571536600120992,3.08147787341046,0.01297489745925278,0.16311299663060638,0.13787860959205964,PIK3R3/AKT1/SMAD3/AXIN2/SOS1,5
Metabolism,Carbohydrate metabolism,hsa00630,Glyoxylate and dicarboxylate metabolism,3/152,32/9446,0.09375,5.826069078947368,3.4970582567306825,0.0144014719695006,0.1705217298977825,0.14414117519270292,CAT/PGP/MDH1,3
Organismal Systems,Aging,hsa04211,Longevity regulating pathway,5/152,90/9446,0.05555555555555555,3.4524853801169586,2.9895375745622195,0.014856059801700749,0.1705217298977825,0.14414117519270292,PIK3R3/CAT/AKT1/ADCY7/ADCY3,5
Cellular Processes,Cellular community - eukaryotes,hsa04540,Gap junction,5/152,92/9446,0.05434782608695652,3.377431350114416,2.93038482838472,0.016206909432088162,0.17626188752319596,0.14899330205310027,ADRB1/ADCY7/TUBB8B/ADCY3/SOS1,5
Cellular Processes,Cellular community - eukaryotes,hsa04510,Focal adhesion,8/152,203/9446,0.03940886699507389,2.4490536686543947,2.668993119583278,0.01669146662151477,0.17626188752319596,0.14899330205310027,PIK3R3/CAPN2/ILK/ACTN1/AKT1/RASGRF1/MYLK3/SOS1,8
Environmental Information Processing,Signal transduction,hsa04630,JAK-STAT signaling pathway,7/152,168/9446,0.041666666666666664,2.589364035087719,2.6581058984524675,0.0186978775579936,0.1837151301690404,0.15529349121146957,PIK3R3/IL15RA/IL10RA/AKT1/STAT5B/STAT3/SOS1,7
Human Diseases,Cancer: specific types,hsa05225,Hepatocellular carcinoma,7/152,170/9446,0.041176470588235294,2.5589009287925695,2.62291397791559,0.019815796597500858,0.1837151301690404,0.15529349121146957,PIK3R3/WNT5B/AKT1/SMAD3/BRD7/AXIN2/SOS1,7
Organismal Systems,Digestive system,hsa04970,Salivary secretion,5/152,97/9446,0.05154639175257732,3.2033369506239824,2.7893669192001393,0.019935877555955724,0.1837151301690404,0.15529349121146957,ADRB1/DMBT1/LYZ/ADCY7/ADCY3,5
Environmental Information Processing,Signal transduction,hsa04068,FoxO signaling pathway,6/152,133/9446,0.045112781954887216,2.803521962801741,2.678698875948096,0.020295573032140708,0.1837151301690404,0.15529349121146957,PIK3R3/CAT/AKT1/SMAD3/STAT3/SOS1,6
Human Diseases,Infectious disease: bacterial,hsa05131,Shigellosis,9/152,253/9446,0.03557312252964427,2.210682338256709,2.4962224136816302,0.020917331542520526,0.1837151301690404,0.15529349121146957,PIK3R3/CAPN2/ILK/ACTN1/AKT1/SEPTIN12/UBB/IRF3/RPS27A,9
Human Diseases,Drug resistance: antineoplastic,hsa01522,Endocrine resistance,5/152,99/9446,0.050505050505050504,3.138623072833599,2.735502808158975,0.021572609981970654,0.1837151301690404,0.15529349121146957,PIK3R3/AKT1/ADCY7/ADCY3/SOS1,5
Human Diseases,Endocrine and metabolic disease,hsa04933,AGE-RAGE signaling pathway in diabetic complications,5/152,101/9446,0.04950495049504951,3.0764721208963004,2.6829870695601783,0.023294603786709486,0.18869485548799797,0.1595028284029329,PIK3R3/AKT1/SMAD3/STAT5B/STAT3,5
Human Diseases,Cancer: overview,hsa05207,Chemical carcinogenesis - receptor activation,8/152,217/9446,0.03686635944700461,2.2910502061605627,2.4604645736017576,0.023842451995985472,0.18869485548799797,0.1595028284029329,PIK3R3/ADRB1/AKT1/ADCY7/STAT5B/STAT3/ADCY3/SOS1,8
Organismal Systems,Endocrine system,hsa04915,Estrogen signaling pathway,6/152,139/9446,0.04316546762589928,2.682506626277925,2.555528728316046,0.02459777514069175,0.18869485548799797,0.1595028284029329,PIK3R3/AKT1/ADCY7/KRT34/ADCY3/SOS1,6
NA,NA,hsa04081,Hormone signaling,8/152,219/9446,0.0365296803652968,2.2701273732275893,2.4319828834130237,0.025016363416969428,0.18869485548799797,0.1595028284029329,PIK3R3/ADRB1/DRD4/GUCY2C/ADCY7/STAT5B/STAT3/ADCY3,8
Human Diseases,Cancer: overview,hsa05230,Central carbon metabolism in cancer,4/152,71/9446,0.056338028169014086,3.5011119347664934,2.7051920706628643,0.027260374148287077,0.19877906944639334,0.16802696460380936,PIK3R3/PGAM1/AKT1/IDH2,4
Genetic Information Processing,Replication and repair,hsa03440,Homologous recombination,3/152,41/9446,0.07317073170731707,4.547175866495507,2.910828982638137,0.027881404890612894,0.19877906944639334,0.16802696460380936,RPA2/BRCA2/BRCA1,3
Organismal Systems,Development and regeneration,hsa04360,Axon guidance,7/152,184/9446,0.03804347826086957,2.3642019450800915,2.3897728818011217,0.028976529273829557,0.19877906944639334,0.16802696460380936,PIK3R3/NTNG1/SLIT1/ILK/WNT5B/SEMA6B/SEMA4F,7
Environmental Information Processing,Signal transduction,hsa04024,cAMP signaling pathway,8/152,226/9446,0.035398230088495575,2.19981369352585,2.334661998550327,0.02944403269609919,0.19877906944639334,0.16802696460380936,PIK3R3/ADRB1/AKT1/ADCY7/PDE4A/PDE4C/FFAR2/ADCY3,8
Human Diseases,Infectious disease: viral,hsa05163,Human cytomegalovirus infection,8/152,227/9446,0.03524229074889868,2.1901228843032694,2.3210487821998744,0.030118040825211113,0.19877906944639334,0.16802696460380936,PIK3R3/IL10RA/AKT1/ADCY7/STAT3/IRF3/ADCY3/SOS1,8
Organismal Systems,Endocrine system,hsa04918,Thyroid hormone synthesis,4/152,75/9446,0.05333333333333334,3.314385964912281,2.573326490393472,0.03247873416815352,0.20913136147298853,0.1767777058703093,TTF2/GPX2/ADCY7/ADCY3,4
Human Diseases,Cancer: specific types,hsa05226,Gastric cancer,6/152,150/9446,0.04,2.4857894736842105,2.3457206454252417,0.0339898595039434,0.2136505454533585,0.1805977497452632,PIK3R3/WNT5B/AKT1/SMAD3/AXIN2/SOS1,6
Organismal Systems,Immune system,hsa04062,Chemokine signaling pathway,7/152,193/9446,0.03626943005181347,2.2539541859830923,2.250818541174171,0.03618167644274936,0.22213866467176352,0.1877727149538033,PIK3R3/AKT1/ADCY7/STAT5B/STAT3/ADCY3/SOS1,7
Organismal Systems,Endocrine system,hsa04928,"Parathyroid hormone synthesis, secretion and action",5/152,115/9446,0.043478260869565216,2.701945080091533,2.3482904301796976,0.037841628892765114,0.22568873312795779,0.19077357026765174,ADCY7/SLC12A3/PDE4A/PDE4C/ADCY3,5
Metabolism,Carbohydrate metabolism,hsa00620,Pyruvate metabolism,3/152,47/9446,0.06382978723404255,3.966685330347144,2.607360184120328,0.03957464123893528,0.22568873312795779,0.19077357026765174,ALDH9A1/ACYP2/MDH1,3
Human Diseases,Drug resistance: antineoplastic,hsa01521,EGFR tyrosine kinase inhibitor resistance,4/152,80/9446,0.05,3.107236842105263,2.420486743937866,0.039770858632727696,0.22568873312795779,0.19077357026765174,PIK3R3/AKT1/STAT3/SOS1,4
Cellular Processes,Cell growth and death,hsa04218,Cellular senescence,6/152,157/9446,0.03821656050955414,2.374958095876634,2.2216531067974703,0.041034315114174144,0.22568873312795779,0.19077357026765174,PIK3R3/CAPN2/CHEK1/AKT1/SMAD3/ZFP36L2,6
Human Diseases,Endocrine and metabolic disease,hsa04932,Non-alcoholic fatty liver disease,6/152,157/9446,0.03821656050955414,2.374958095876634,2.2216531067974703,0.041034315114174144,0.22568873312795779,0.19077357026765174,PIK3R3/CYP2E1/AKT1/NDUFAB1/NDUFS7/COX7A2L,6
Human Diseases,Cancer: overview,hsa05203,Viral carcinogenesis,7/152,205/9446,0.03414634146341464,2.12201540436457,2.0770057838011544,0.04750702888348449,0.2430128663077533,0.20541757439092384,PIK3R3/CHEK1/ACTN1/KAT2A/STAT5B/STAT3/IRF3,7
Human Diseases,Cardiovascular disease,hsa05415,Diabetic cardiomyopathy,7/152,205/9446,0.03414634146341464,2.12201540436457,2.0770057838011544,0.04750702888348449,0.2430128663077533,0.20541757439092384,PIK3R3/AKT1/SMAD3/NDUFAB1/PDK2/NDUFS7/COX7A2L,7
Metabolism,Global and overview maps,hsa01232,Nucleotide metabolism,4/152,85/9446,0.047058823529411764,2.9244582043343654,2.2791781078352646,0.047922961698960244,0.2430128663077533,0.20541757439092384,AK4/APRT/NT5C3B/DGUOK,4
Environmental Information Processing,Signal transduction,hsa04012,ErbB signaling pathway,4/152,86/9446,0.046511627906976744,2.890452876376989,2.252156668488076,0.04965649295675661,0.2430128663077533,0.20541757439092384,PIK3R3/AKT1/STAT5B/SOS1,4
Human Diseases,Neurodegenerative disease,hsa05010,Alzheimer disease,11/152,391/9446,0.028132992327365727,1.7483174047651098,1.9326421132179754,0.050567791479822974,0.2430128663077533,0.20541757439092384,PSMB2/PIK3R3/CAPN2/WNT5B/PSEN1/AKT1/NDUFAB1/AXIN2/TUBB8B/NDUFS7/COX7A2L,11
Organismal Systems,Digestive system,hsa04973,Carbohydrate digestion and absorption,3/152,52/9446,0.057692307692307696,3.5852732793522266,2.390585562798166,0.050928577197087856,0.2430128663077533,0.20541757439092384,PIK3R3/SLC37A4/AKT1,3
Metabolism,Metabolism of terpenoids and polyketides,hsa00900,Terpenoid backbone biosynthesis,2/152,23/9446,0.08695652173913043,5.403890160183066,2.704127980312429,0.052197987641459956,0.2430128663077533,0.20541757439092384,ZMPSTE24/HMGCS2,2
Organismal Systems,Excretory system,hsa04964,Proximal tubule bicarbonate reclamation,2/152,23/9446,0.08695652173913043,5.403890160183066,2.704127980312429,0.052197987641459956,0.2430128663077533,0.20541757439092384,GLUD1/MDH1,2
Organismal Systems,Immune system,hsa04611,Platelet activation,5/152,126/9446,0.03968253968253968,2.466060985797828,2.1186089082196315,0.05246868704371946,0.2430128663077533,0.20541757439092384,PIK3R3/AKT1/MYLK3/ADCY7/ADCY3,5
Organismal Systems,Endocrine system,hsa04926,Relaxin signaling pathway,5/152,130/9446,0.038461538461538464,2.390182186234818,2.041033328279342,0.058502560500045875,0.26326757126710537,0.22253877635018476,PIK3R3/AKT1/ADCY7/ADCY3/SOS1,5
Human Diseases,Substance dependence,hsa05032,Morphine addiction,4/152,91/9446,0.04395604395604396,2.7316367842683635,2.1226434212486613,0.0588363132756031,0.26326757126710537,0.22253877635018476,ADCY7/PDE4A/PDE4C/ADCY3,4
Metabolism,Metabolism of other amino acids,hsa00480,Glutathione metabolism,3/152,59/9446,0.05084745762711865,3.1599018733273865,2.128227541164172,0.06915949871516573,0.3007204400005093,0.25419750111685796,TXNDC12/GPX2/IDH2,3
Metabolism,Carbohydrate metabolism,hsa00650,Butanoate metabolism,2/152,27/9446,0.07407407407407407,4.603313840155946,2.397745112765222,0.06948464712132979,0.3007204400005093,0.25419750111685796,HMGCS2/ACSM3,2
Human Diseases,Neurodegenerative disease,hsa05012,Parkinson disease,8/152,271/9446,0.02952029520295203,1.8345309768887164,1.7825655615012763,0.07103340244034723,0.3024648103911559,0.25567200878359275,PSMB2/NDUFAB1/UBE2G1/UBB/TUBB8B/NDUFS7/COX7A2L/RPS27A,8
Human Diseases,Infectious disease: viral,hsa05162,Measles,5/152,139/9446,0.03597122302158273,2.2354221885649377,1.8764603034349452,0.07347267782900281,0.3078855070929642,0.2602540969047385,PIK3R3/AKT1/STAT5B/STAT3/IRF3,5
Environmental Information Processing,Signal transduction,hsa04371,Apelin signaling pathway,5/152,140/9446,0.03571428571428571,2.219454887218045,1.8589584091883553,0.07525426838260811,0.3104238570782585,0.262399751597252,AKT1/SMAD3/MYLK3/ADCY7/ADCY3,5
Genetic Information Processing,"Folding, sorting and degradation",hsa04120,Ubiquitin mediated proteolysis,5/152,142/9446,0.035211267605633804,2.1881949592290586,1.82439329714113,0.07888766166948011,0.3204052720114269,0.27083699229036085,UBE2G1/UBB/BRCA1/UBE2M/RPS27A,5
Metabolism,Amino acid metabolism,hsa00310,Lysine degradation,3/152,63/9446,0.047619047619047616,2.9592731829573933,1.99533514370989,0.08072634500645767,0.3229053800258307,0.2729503212339558,ALDH9A1/COLGALT2/KMT2D,3
Metabolism,Carbohydrate metabolism,hsa00020,Citrate cycle (TCA cycle),2/152,30/9446,0.06666666666666667,4.142982456140351,2.20490966067903,0.08349730631356586,0.3290043114444983,0.2781057178079491,IDH2/MDH1,2
Organismal Systems,Environmental adaptation,hsa04714,Thermogenesis,7/152,235/9446,0.029787234042553193,1.8511198208286672,1.6896341764426983,0.08491216080163463,0.32965897722987564,0.27865910355954404,NDUFAF1/NDUFAB1/ADCY7/NDUFS7/ADCY3/SOS1/COX7A2L,7
Organismal Systems,Endocrine system,hsa04927,Cortisol synthesis and secretion,3/152,65/9446,0.046153846153846156,2.868218623481782,1.9327747728310638,0.08680444292897667,0.3321213468586934,0.28074053243238833,PBX1/ADCY7/ADCY3,3
Human Diseases,Infectious disease: viral,hsa05165,Human papillomavirus infection,9/152,333/9446,0.02702702702702703,1.6795874822190613,1.6145750734189073,0.08855136446902379,0.33396514599746113,0.28229908672831644,HES2/PIK3R3/WNT5B/ATP6V1D/PSEN1/AKT1/AXIN2/IRF3/SOS1,9
Environmental Information Processing,Signal transduction,hsa04072,Phospholipase D signaling pathway,5/152,149/9446,0.03355704697986577,2.0853938537619214,1.7077744733713323,0.09233263568778825,0.3433213495996634,0.29020783937451605,PIK3R3/AKT1/ADCY7/ADCY3/SOS1,5
Organismal Systems,Endocrine system,hsa04922,Glucagon signaling pathway,4/152,107/9446,0.037383177570093455,2.3231677324151496,1.7602649583072192,0.09377317238099198,0.34383496539697056,0.2906419962685716,CRTC2/PGAM1/AKT1/PPP4R3B,4
Metabolism,Metabolism of cofactors and vitamins,hsa00830,Retinol metabolism,3/152,68/9446,0.04411764705882353,2.7416795665634677,1.8432703610921124,0.09627238251456773,0.3439008959870047,0.29069772707035485,RDH12/CYP2A6/RETSAT,3
Human Diseases,Infectious disease: viral,hsa05167,Kaposi sarcoma-associated herpesvirus infection,6/152,196/9446,0.030612244897959183,1.902389903329753,1.6325738572360475,0.09639646326908465,0.3439008959870047,0.29069772707035485,PIK3R3/AKT1/UBB/STAT3/IRF3/RPS27A,6
Human Diseases,Endocrine and metabolic disease,hsa04931,Insulin resistance,4/152,109/9446,0.03669724770642202,2.2805408015451474,1.7195881016322638,0.09870792902521111,0.3456964446635956,0.29221549548916376,PIK3R3/CRTC2/AKT1/STAT3,4
Organismal Systems,Immune system,hsa04664,Fc epsilon RI signaling pathway,3/152,69/9446,0.043478260869565216,2.701945080091533,1.814510853011598,0.09951867346376238,0.3456964446635956,0.29221549548916376,PIK3R3/AKT1/SOS1,3
Human Diseases,Cancer: specific types,hsa05211,Renal cell carcinoma,3/152,70/9446,0.04285714285714286,2.663345864661654,1.7862581548830616,0.10280874543831844,0.35119398205742636,0.296862536667362,PIK3R3/AKT1/SOS1,3
Organismal Systems,Endocrine system,hsa04914,Progesterone-mediated oocyte maturation,4/152,111/9446,0.036036036036036036,2.2394499762920814,1.6797891539573715,0.1037618583351487,0.35119398205742636,0.296862536667362,PIK3R3/AKT1/ADCY7/ADCY3,4
Human Diseases,Cancer: overview,hsa05205,Proteoglycans in cancer,6/152,204/9446,0.029411764705882353,1.8277863777089782,1.5285224364149235,0.11112284123295084,0.3617608197479115,0.305794632322796,HSPG2/PIK3R3/WNT5B/AKT1/STAT3/SOS1,6
Environmental Information Processing,Signal transduction,hsa04150,mTOR signaling pathway,5/152,158/9446,0.03164556962025317,1.966605596269154,1.5668888363789901,0.11123541883020266,0.3617608197479115,0.305794632322796,PIK3R3/WNT5B/ATP6V1D/AKT1/SOS1,5
Cellular Processes,Cell growth and death,hsa04217,Necroptosis,5/152,159/9446,0.031446540880503145,1.9542370076133728,1.5518099634840488,0.11344420934004987,0.3617608197479115,0.305794632322796,CAPN2/GLUD1/PGAM5/STAT5B/STAT3,5
Human Diseases,Infectious disease: viral,hsa05160,Hepatitis C,5/152,159/9446,0.031446540880503145,1.9542370076133728,1.5518099634840488,0.11344420934004987,0.3617608197479115,0.305794632322796,PIK3R3/AKT1/STAT3/IRF3/SOS1,5
Genetic Information Processing,Replication and repair,hsa03030,DNA replication,2/152,36/9446,0.05555555555555555,3.4524853801169586,1.8853166666907124,0.11373540923892672,0.3617608197479115,0.305794632322796,RPA2/POLA2,2
Organismal Systems,Nervous system,hsa04725,Cholinergic synapse,4/152,116/9446,0.034482758620689655,2.142921960072595,1.5838942824394462,0.11690184085676832,0.36740578554984327,0.31056629400544966,PIK3R3/AKT1/ADCY7/ADCY3,4
Human Diseases,Drug resistance: antineoplastic,hsa01524,Platinum drug resistance,3/152,75/9446,0.04,2.4857894736842105,1.652024109092049,0.1198863171782891,0.37235279688315676,0.31474797822659184,PIK3R3/AKT1/BRCA1,3
Organismal Systems,Digestive system,hsa04971,Gastric acid secretion,3/152,76/9446,0.039473684210526314,2.4530817174515236,1.6264790746823699,0.12342129493911401,0.3745197915393804,0.31657972809548907,MYLK3/ADCY7/ADCY3,3
Human Diseases,Cancer: specific types,hsa05214,Glioma,3/152,76/9446,0.039473684210526314,2.4530817174515236,1.6264790746823699,0.12342129493911401,0.3745197915393804,0.31657972809548907,PIK3R3/AKT1/SOS1,3
Organismal Systems,Nervous system,hsa04722,Neurotrophin signaling pathway,4/152,120/9446,0.03333333333333333,2.0714912280701756,1.5106121674598114,0.1279116979366428,0.38310449747068065,0.3238363375748976,PIK3R3/PSEN1/AKT1/SOS1,4
Environmental Information Processing,Signal transduction,hsa04022,cGMP-PKG signaling pathway,5/152,166/9446,0.030120481927710843,1.871829422954978,1.4492156612007638,0.1294880890329254,0.38310449747068065,0.3238363375748976,ADRB1/AKT1/MYLK3/ADCY7/ADCY3,5
Human Diseases,Infectious disease: bacterial,hsa05100,Bacterial invasion of epithelial cells,3/152,78/9446,0.038461538461538464,2.390182186234818,1.5765836577085757,0.13060380595591387,0.38310449747068065,0.3238363375748976,PIK3R3/ILK/SEPTIN12,3
Environmental Information Processing,Signal transduction,hsa04071,Sphingolipid signaling pathway,4/152,122/9446,0.03278688524590164,2.037532355478861,1.475033463270443,0.13357494997880529,0.38751414059785266,0.32756378710823275,PIK3R3/SGPP1/AKT1/CERS1,4
Human Diseases,Neurodegenerative disease,hsa05014,Amyotrophic lateral sclerosis,9/152,371/9446,0.02425876010781671,1.5075542630160306,1.27546210178849,0.14376195429539423,0.4125343036302617,0.34871320721537274,PSMB2/CAT/GPX2/NDUFAB1/TUBB8B/NDUFS7/TOMM40/NUP62/COX7A2L,9
Metabolism,Amino acid metabolism,hsa00380,Tryptophan metabolism,2/152,42/9446,0.047619047619047616,2.9592731829573933,1.6273642464926283,0.14627092101170794,0.4152206790009774,0.350983987034319,ALDH9A1/CAT,2
Environmental Information Processing,Signal transduction,hsa04310,Wnt signaling pathway,5/152,174/9446,0.028735632183908046,1.785768300060496,1.3378390179281492,0.14901370652845086,0.41850658003735136,0.35376154293428425,ROR1/WNT5B/PSEN1/SMAD3/AXIN2,5
Environmental Information Processing,Membrane transport,hsa02010,ABC transporters,2/152,45/9446,0.044444444444444446,2.7619883040935673,1.5151083541546013,0.1631834785411763,0.4534782982617952,0.3833229634429848,ABCB9/ABCC11,2
Genetic Information Processing,"Folding, sorting and degradation",hsa03050,Proteasome,2/152,46/9446,0.043478260869565216,2.701945080091533,1.4797282727824066,0.16889738594536166,0.4644678113497446,0.39261234452211263,PSMB2/PSME2,2
Human Diseases,Infectious disease: viral,hsa05168,Herpes simplex virus 1 infection,5/152,183/9446,0.0273224043715847,1.6979436295657175,1.2192464548390254,0.17237387613819075,0.46721386050963915,0.3949335663000139,PIK3R3/SRSF5/AKT1/NECTIN2/IRF3,5
Human Diseases,Cancer: overview,hsa05235,PD-L1 expression and PD-1 checkpoint pathway in cancer,3/152,90/9446,0.03333333333333333,2.0714912280701756,1.3061294118608944,0.1764845389430066,0.46721386050963915,0.3949335663000139,PIK3R3/AKT1/STAT3,3
Metabolism,Amino acid metabolism,hsa00280,"Valine, leucine and isoleucine degradation",2/152,48/9446,0.041666666666666664,2.589364035087719,1.411717247649507,0.18042396843788905,0.46721386050963915,0.3949335663000139,HMGCS2/ALDH9A1,2
NA,NA,hsa03272,Virion - Hepatitis viruses,2/152,48/9446,0.041666666666666664,2.589364035087719,1.411717247649507,0.18042396843788905,0.46721386050963915,0.3949335663000139,HSPG2/EPCAM,2
Organismal Systems,Immune system,hsa04662,B cell receptor signaling pathway,3/152,91/9446,0.03296703296703297,2.0487275882012725,1.285532125443933,0.18049527390894077,0.46721386050963915,0.3949335663000139,PIK3R3/AKT1/SOS1,3
Metabolism,Energy metabolism,hsa00190,Oxidative phosphorylation,4/152,138/9446,0.028985507246376812,1.8012967200610221,1.2126240070521714,0.18228419557762435,0.46721386050963915,0.3949335663000139,ATP6V1D/NDUFAB1/NDUFS7/COX7A2L,4
Human Diseases,Infectious disease: bacterial,hsa05135,Yersinia infection,4/152,138/9446,0.028985507246376812,1.8012967200610221,1.2126240070521714,0.18228419557762435,0.46721386050963915,0.3949335663000139,PIK3R3/PKN2/AKT1/IRF3,4
Cellular Processes,Cellular community - eukaryotes,hsa04520,Adherens junction,3/152,93/9446,0.03225806451612903,2.0046689303904923,1.245117737440078,0.18859033816720458,0.47416999310611435,0.40081355079145237,ACTN1/SMAD3/NECTIN2,3
Organismal Systems,Endocrine system,hsa04912,GnRH signaling pathway,3/152,93/9446,0.03225806451612903,2.0046689303904923,1.245117737440078,0.18859033816720458,0.47416999310611435,0.40081355079145237,ADCY7/ADCY3/SOS1,3
Metabolism,Amino acid metabolism,hsa00330,Arginine and proline metabolism,2/152,50/9446,0.04,2.4857894736842105,1.3470763650276374,0.19206564841409648,0.4783521809558629,0.40434873350336104,ALDH9A1/P4HA1,2
Human Diseases,Infectious disease: bacterial,hsa05110,Vibrio cholerae infection,2/152,51/9446,0.0392156862745098,2.437048503611971,1.3159202304646807,0.19792369188206702,0.48039395596374146,0.4060746358226204,ATP6V1D/ADCY3,2
Human Diseases,Endocrine and metabolic disease,hsa04936,Alcoholic liver disease,4/152,144/9446,0.027777777777777776,1.7262426900584793,1.123042762989357,0.20190102254635162,0.48039395596374146,0.4060746358226204,ALDH9A1/CYP2E1/AKT1/IRF3,4
Human Diseases,Neurodegenerative disease,hsa05017,Spinocerebellar ataxia,4/152,144/9446,0.027777777777777776,1.7262426900584793,1.123042762989357,0.20190102254635162,0.48039395596374146,0.4060746358226204,PSMB2/PIK3R3/SPTBN2/AKT1,4
Metabolism,Glycan biosynthesis and metabolism,hsa00533,Glycosaminoglycan biosynthesis - keratan sulfate,1/152,14/9446,0.07142857142857142,4.43890977443609,1.6466615485932241,0.2032947386228694,0.48039395596374146,0.4060746358226204,FUT8,1
Metabolism,Amino acid metabolism,hsa00270,Cysteine and methionine metabolism,2/152,52/9446,0.038461538461538464,2.390182186234818,1.285492520506325,0.20380349646946608,0.48039395596374146,0.4060746358226204,DNMT3A/MDH1,2
Organismal Systems,Endocrine system,hsa04913,Ovarian steroidogenesis,2/152,52/9446,0.038461538461538464,2.390182186234818,1.285492520506325,0.20380349646946608,0.48039395596374146,0.4060746358226204,ADCY7/ADCY3,2
Organismal Systems,Endocrine system,hsa04925,Aldosterone synthesis and secretion,3/152,98/9446,0.030612244897959183,1.902389903329753,1.1483369899654405,0.20921821672654559,0.4876868036498233,0.4122392439145237,ADCY7/ADCY3/PRKD3,3
Organismal Systems,Sensory system,hsa04750,Inflammatory mediator regulation of TRP channels,3/152,99/9446,0.030303030303030304,1.8831738437001595,1.12966354858097,0.21340408577916592,0.4876868036498233,0.4122392439145237,PIK3R3/ADCY7/ADCY3,3
Human Diseases,Cancer: overview,hsa05231,Choline metabolism in cancer,3/152,99/9446,0.030303030303030304,1.8831738437001595,1.12966354858097,0.21340408577916592,0.4876868036498233,0.4122392439145237,PIK3R3/AKT1/SOS1,3
Metabolism,Glycan biosynthesis and metabolism,hsa00604,Glycosphingolipid biosynthesis - ganglio series,1/152,15/9446,0.06666666666666667,4.142982456140351,1.5578662005231605,0.21613392434480805,0.4876868036498233,0.4122392439145237,ST8SIA5,1
Metabolism,Metabolism of cofactors and vitamins,hsa00730,Thiamine metabolism,1/152,15/9446,0.06666666666666667,4.142982456140351,1.5578662005231605,0.21613392434480805,0.4876868036498233,0.4122392439145237,AK4,1
Organismal Systems,Nervous system,hsa04723,Retrograde endocannabinoid signaling,4/152,149/9446,0.026845637583892617,1.6683150830095372,1.0515366702851063,0.2187102662053104,0.48802520256348664,0.4125252908431386,NDUFAB1/ADCY7/NDUFS7/ADCY3,4
Metabolism,Lipid metabolism,hsa00600,Sphingolipid metabolism,2/152,55/9446,0.03636363636363636,2.2598086124401915,1.1982610386440975,0.22155181319805406,0.48802520256348664,0.4125252908431386,SGPP1/CERS1,2
Organismal Systems,Endocrine system,hsa04916,Melanogenesis,3/152,101/9446,0.0297029702970297,1.8458832725377803,1.092956587154416,0.22182963752885754,0.48802520256348664,0.4125252908431386,WNT5B/ADCY7/ADCY3,3
Metabolism,Glycan biosynthesis and metabolism,hsa00510,N-Glycan biosynthesis,2/152,56/9446,0.03571428571428571,2.219454887218045,1.1704379558091424,0.22749731380484436,0.49635777557420585,0.4195687736113702,ALG10B/FUT8,2
Organismal Systems,Circulatory system,hsa04261,Adrenergic signaling in cardiomyocytes,4/152,154/9446,0.025974025974025976,1.6141490088858512,0.9826547463777948,0.23588439572728342,0.5104383645246133,0.43147102583420266,ADRB1/AKT1/ADCY7/ADCY3,4
Human Diseases,Cardiovascular disease,hsa05414,Dilated cardiomyopathy,3/152,105/9446,0.02857142857142857,1.7755639097744362,1.0219672906212063,0.23887388226225434,0.512704918026302,0.43338693230293474,ADRB1/ADCY7/ADCY3,3
Metabolism,Energy metabolism,hsa00910,Nitrogen metabolism,1/152,17/9446,0.058823529411764705,3.6555727554179565,1.4014296068852379,0.24119886003650082,0.5135201536260985,0.43407604692477225,GLUD1,1
Human Diseases,Cancer: specific types,hsa05215,Prostate cancer,3/152,106/9446,0.02830188679245283,1.7588133068520357,1.0046987774388494,0.2431706590268676,0.5135764318647444,0.43412361864164994,PIK3R3/AKT1/SOS1,3
Cellular Processes,Cell growth and death,hsa04110,Cell cycle,4/152,158/9446,0.02531645569620253,1.5732844770153231,0.9293066898968697,0.24985194758331344,0.513805731003008,0.43431744406952827,CHEK1/DDX11/SMAD3/MAU2,4
Environmental Information Processing,Signal transduction,hsa04370,VEGF signaling pathway,2/152,60/9446,0.03333333333333333,2.0714912280701756,1.064744514411929,0.25137465563079503,0.513805731003008,0.43431744406952827,PIK3R3/AKT1,2
Metabolism,Glycan biosynthesis and metabolism,hsa00511,Other glycan degradation,1/152,18/9446,0.05555555555555555,3.4524853801169586,1.3318469907516286,0.2534310981608465,0.513805731003008,0.43431744406952827,MAN2B1,1
Environmental Information Processing,Signal transduction,hsa04015,Rap1 signaling pathway,5/152,212/9446,0.02358490566037736,1.4656777557100298,0.8769602925913828,0.2557386143583622,0.513805731003008,0.43431744406952827,PIK3R3/AKT1/ADCY7/ADCY3/PRKD3,5
Organismal Systems,Immune system,hsa04620,Toll-like receptor signaling pathway,3/152,109/9446,0.027522935779816515,1.7104056011588606,0.9539758652060589,0.2561346090439624,0.513805731003008,0.43431744406952827,PIK3R3/AKT1/IRF3,3
Organismal Systems,Immune system,hsa04659,Th17 cell differentiation,3/152,109/9446,0.027522935779816515,1.7104056011588606,0.9539758652060589,0.2561346090439624,0.513805731003008,0.43431744406952827,SMAD3/STAT5B/STAT3,3
Environmental Information Processing,Signaling molecules and interaction,hsa04514,Cell adhesion molecules,4/152,160/9446,0.025,1.5536184210526316,0.9031868899960279,0.256902865501504,0.513805731003008,0.43431744406952827,NTNG1/SELL/PVR/NECTIN2,4
Environmental Information Processing,Signal transduction,hsa04066,HIF-1 signaling pathway,3/152,110/9446,0.02727272727272727,1.6948564593301436,0.9374162142437982,0.26047800518777053,0.5170390478915144,0.43705055084928657,PIK3R3/AKT1/STAT3,3
Environmental Information Processing,Signal transduction,hsa04330,Notch signaling pathway,2/152,62/9446,0.03225806451612903,2.0046689303904923,1.0149537629038938,0.2633454227374858,0.5188297880798227,0.43856425467672416,PSEN1/KAT2A,2
Human Diseases,Cardiovascular disease,hsa05417,Lipid and atherosclerosis,5/152,216/9446,0.023148148148148147,1.4385355750487328,0.8337815796407017,0.26797865634220697,0.5190065287551094,0.43871365269570656,PIK3R3/AKT1/STAT3/CYP2A6/IRF3,5
Human Diseases,Infectious disease: parasitic,hsa05145,Toxoplasmosis,3/152,112/9446,0.026785714285714284,1.664591165413534,0.9047969290263405,0.2691935748309819,0.5190065287551094,0.43871365269570656,IL10RA/AKT1/STAT3,3
Human Diseases,Cancer: specific types,hsa05217,Basal cell carcinoma,2/152,63/9446,0.031746031746031744,1.9728487886382622,0.9907548341755322,0.2693329334827651,0.5190065287551094,0.43871365269570656,WNT5B/AXIN2,2
Metabolism,Metabolism of cofactors and vitamins,hsa00785,Lipoic acid metabolism,1/152,20/9446,0.05,3.107236842105263,1.2063853979445212,0.27731095266580097,0.5305079094476193,0.4484357129302044,LIPT1,1
Organismal Systems,Endocrine system,hsa04929,GnRH secretion,2/152,65/9446,0.03076923076923077,1.9121457489878544,0.9436648744584216,0.28130436771350187,0.5342759214126942,0.45162079481455814,PIK3R3/AKT1,2
Human Diseases,Immune disease,hsa05321,Inflammatory bowel disease,2/152,66/9446,0.030303030303030304,1.8831738437001595,0.9207424958858036,0.28728530260079355,0.5398785477338408,0.4563566671434379,SMAD3/STAT3,2
Cellular Processes,Transport and catabolism,hsa04140,Autophagy - animal,4/152,169/9446,0.023668639053254437,1.4708813453752725,0.7899007035366838,0.2890872226445752,0.5398785477338408,0.4563566671434379,PIK3R3/AKT1/UBB/RPS27A,4
Human Diseases,Neurodegenerative disease,hsa05020,Prion disease,6/152,278/9446,0.02158273381294964,1.3412533131389626,0.7385559702659463,0.2903892188568386,0.5398785477338408,0.4563566671434379,PSMB2/PIK3R3/NDUFAB1/TUBB8B/NDUFS7/COX7A2L,6
Metabolism,Carbohydrate metabolism,hsa00010,Glycolysis / Gluconeogenesis,2/152,67/9446,0.029850746268656716,1.8550667714061273,0.8982156220391042,0.29326113647752095,0.5414051750354233,0.4576471176535476,ALDH9A1/PGAM1,2
Environmental Information Processing,Signal transduction,hsa04668,TNF signaling pathway,3/152,119/9446,0.025210084033613446,1.5666740380362671,0.7955312594476636,0.2999271745848344,0.5439230083448301,0.45977542970137153,PIK3R3/PGAM5/AKT1,3
Metabolism,Amino acid metabolism,hsa00340,Histidine metabolism,1/152,22/9446,0.045454545454545456,2.824760765550239,1.0957742164052642,0.30043184802107725,0.5439230083448301,0.45977542970137153,ALDH9A1,1
Organismal Systems,Endocrine system,hsa04920,Adipocytokine signaling pathway,2/152,70/9446,0.02857142857142857,1.7755639097744362,0.8328739006721112,0.311144489325181,0.5439230083448301,0.45977542970137153,AKT1/STAT3,2
Metabolism,Amino acid metabolism,hsa00220,Arginine biosynthesis,1/152,23/9446,0.043478260869565216,2.701945080091533,1.0450481607468793,0.3117152053110598,0.5439230083448301,0.45977542970137153,GLUD1,1
Metabolism,Glycan biosynthesis and metabolism,hsa00515,Mannose type O-glycan biosynthesis,1/152,23/9446,0.043478260869565216,2.701945080091533,1.0450481607468793,0.3117152053110598,0.5439230083448301,0.45977542970137153,FKRP,1
Genetic Information Processing,Replication and repair,hsa03430,Mismatch repair,1/152,23/9446,0.043478260869565216,2.701945080091533,1.0450481607468793,0.3117152053110598,0.5439230083448301,0.45977542970137153,RPA2,1
Environmental Information Processing,Signal transduction,hsa04152,AMPK signaling pathway,3/152,122/9446,0.02459016393442623,1.5281492666091459,0.750856431355027,0.313167792683387,0.5439230083448301,0.45977542970137153,PIK3R3/CRTC2/AKT1,3
Organismal Systems,Immune system,hsa04660,T cell receptor signaling pathway,3/152,122/9446,0.02459016393442623,1.5281492666091459,0.750856431355027,0.313167792683387,0.5439230083448301,0.45977542970137153,PIK3R3/AKT1/SOS1,3
Organismal Systems,Endocrine system,hsa04919,Thyroid hormone signaling pathway,3/152,122/9446,0.02459016393442623,1.5281492666091459,0.750856431355027,0.313167792683387,0.5439230083448301,0.45977542970137153,PIK3R3/AKT1/KAT2A,3
Human Diseases,Cancer: overview,hsa05204,Chemical carcinogenesis - DNA adducts,2/152,71/9446,0.028169014084507043,1.7505559673832467,0.8117981539852254,0.3170865973688455,0.5452750198966457,0.4609182783815347,CYP2E1/CYP2A6,2
Cellular Processes,Cell motility,hsa04810,Regulation of actin cytoskeleton,5/152,232/9446,0.021551724137931036,1.3393262250453721,0.6692043497877462,0.31807709493971004,0.5452750198966457,0.4609182783815347,PIK3R3/ACTN1/AKT1/MYLK3/SOS1,5
Metabolism,Xenobiotics biodegradation and metabolism,hsa00982,Drug metabolism - cytochrome P450,2/152,73/9446,0.0273972602739726,1.702595529920692,0.7706353822888529,0.3289350174395458,0.5566592602823083,0.47054132049381725,CYP2E1/CYP2A6,2
Human Diseases,Cancer: specific types,hsa05218,Melanoma,2/152,73/9446,0.0273972602739726,1.702595529920692,0.7706353822888529,0.3289350174395458,0.5566592602823083,0.47054132049381725,PIK3R3/AKT1,2
Human Diseases,Infectious disease: viral,hsa05171,Coronavirus disease - COVID-19,5/152,238/9446,0.02100840336134454,1.305561698363556,0.6105569504076139,0.33719224710504325,0.5669984282530663,0.4792809680608057,PIK3R3/STAT3/RPL27/IRF3/RPS27A,5
Metabolism,Global and overview maps,hsa01230,Biosynthesis of amino acids,2/152,75/9446,0.02666666666666667,1.6571929824561404,0.7307217277906265,0.34072816115622584,0.5693179401597698,0.48124164000746095,PGAM1/IDH2,2
Organismal Systems,Endocrine system,hsa03320,PPAR signaling pathway,2/152,76/9446,0.02631578947368421,1.635387811634349,0.7112091271397948,0.34660131970263397,0.5754889836572036,0.48645799256510036,HMGCS2/ILK,2
Cellular Processes,Transport and catabolism,hsa04142,Lysosome,3/152,133/9446,0.022556390977443608,1.4017609814008705,0.596719480813232,0.3617399286240415,0.5822956715607868,0.49221165219651836,ABCB9/LGMN/MAN2B1,3
Metabolism,Xenobiotics biodegradation and metabolism,hsa00980,Metabolism of xenobiotics by cytochrome P450,2/152,79/9446,0.02531645569620253,1.5732844770153231,0.654342168587277,0.36411514918470744,0.5822956715607868,0.49221165219651836,CYP2E1/CYP2A6,2
Environmental Information Processing,Signal transduction,hsa04151,PI3K-Akt signaling pathway,7/152,362/9446,0.019337016574585635,1.2016938063390519,0.5004143158840766,0.36476950693233645,0.5822956715607868,0.49221165219651836,PIK3R3/PKN2/CRTC2/AKT1/BRCA1/PHLPP1/SOS1,7
Metabolism,Glycan biosynthesis and metabolism,hsa00601,Glycosphingolipid biosynthesis - lacto and neolacto series,1/152,28/9446,0.03571428571428571,2.219454887218045,0.8263934231792018,0.3654767114119951,0.5822956715607868,0.49221165219651836,B3GNT3,1
Organismal Systems,Excretory system,hsa04966,Collecting duct acid secretion,1/152,28/9446,0.03571428571428571,2.219454887218045,0.8263934231792018,0.3654767114119951,0.5822956715607868,0.49221165219651836,ATP6V1D,1
Organismal Systems,Circulatory system,hsa04270,Vascular smooth muscle contraction,3/152,134/9446,0.022388059701492536,1.3913000785545953,0.5833944478634107,0.36614046014807045,0.5822956715607868,0.49221165219651836,MYLK3/ADCY7/ADCY3,3
Organismal Systems,Immune system,hsa04650,Natural killer cell mediated cytotoxicity,3/152,134/9446,0.022388059701492536,1.3913000785545953,0.5833944478634107,0.36614046014807045,0.5822956715607868,0.49221165219651836,PIK3R3/HCST/SOS1,3
Metabolism,Xenobiotics biodegradation and metabolism,hsa00983,Drug metabolism - other enzymes,2/152,81/9446,0.024691358024691357,1.5344379467186484,0.6177423080594308,0.37569371152120346,0.5840983063005536,0.493735410429495,CYP2E1/CYP2A6,2
Cellular Processes,Cell growth and death,hsa04210,Apoptosis,3/152,137/9446,0.021897810218978103,1.3608336534767576,0.5440480337899479,0.3793112566036273,0.5840983063005536,0.493735410429495,PIK3R3/CAPN2/AKT1,3
Organismal Systems,Immune system,hsa04612,Antigen processing and presentation,2/152,82/9446,0.024390243902439025,1.5157252888318358,0.5998133014978122,0.38145118764940933,0.5840983063005536,0.493735410429495,PSME2/LGMN,2
Organismal Systems,Endocrine system,hsa04910,Insulin signaling pathway,3/152,138/9446,0.021739130434782608,1.3509725400457664,0.5311362410708047,0.3836896357375381,0.5840983063005536,0.493735410429495,PIK3R3/AKT1/SOS1,3
Human Diseases,Neurodegenerative disease,hsa05016,Huntington disease,6/152,311/9446,0.01929260450160772,1.1989338297512269,0.4562007586695993,0.3847712927460938,0.5840983063005536,0.493735410429495,PSMB2/GPX2/NDUFAB1/TUBB8B/NDUFS7/COX7A2L,6
Metabolism,Glycan biosynthesis and metabolism,hsa00563,Glycosylphosphatidylinositol (GPI)-anchor biosynthesis,1/152,30/9446,0.03333333333333333,2.0714912280701756,0.751687733887646,0.38579403565968773,0.5840983063005536,0.493735410429495,PIGN,1
Metabolism,Lipid metabolism,hsa00591,Linoleic acid metabolism,1/152,30/9446,0.03333333333333333,2.0714912280701756,0.751687733887646,0.38579403565968773,0.5840983063005536,0.493735410429495,CYP2E1,1
Genetic Information Processing,Chromosome,hsa03083,Polycomb repressive complex,2/152,83/9446,0.024096385542168676,1.4974635383639825,0.5821222913128855,0.3871863772825639,0.5840983063005536,0.493735410429495,ASXL2/PCGF1,2
Cellular Processes,Transport and catabolism,hsa04146,Peroxisome,2/152,83/9446,0.024096385542168676,1.4974635383639825,0.5821222913128855,0.3871863772825639,0.5840983063005536,0.493735410429495,CAT/IDH2,2
Metabolism,Carbohydrate metabolism,hsa00053,Ascorbate and aldarate metabolism,1/152,31/9446,0.03225806451612903,2.0046689303904923,0.7164981899239884,0.39570900024971833,0.5902100342707663,0.4989016238652411,ALDH9A1,1
Metabolism,Metabolism of other amino acids,hsa00410,beta-Alanine metabolism,1/152,31/9446,0.03225806451612903,2.0046689303904923,0.7164981899239884,0.39570900024971833,0.5902100342707663,0.4989016238652411,ALDH9A1,1
NA,NA,hsa04082,Neuroactive ligand signaling,4/152,199/9446,0.020100502512562814,1.2491404390372918,0.4542466946769794,0.39877175594164693,0.5914367616213191,0.4999385704295042,ADRB1/DRD4/ADCY7/ADCY3,4
Organismal Systems,Endocrine system,hsa04911,Insulin secretion,2/152,86/9446,0.023255813953488372,1.4452264381884945,0.5304124235432421,0.4042506448857641,0.5962132416192275,0.5039761053559658,ADCY7/ADCY3,2
Human Diseases,Cancer: overview,hsa05206,MicroRNAs in cancer,6/152,320/9446,0.01875,1.1652138157894736,0.3845055030237229,0.41081342232724016,0.6025263527466188,0.5093125469788007,PIK3R3/HMGA2/STAT3/BRCA1/DNMT3A/SOS1,6
Metabolism,Global and overview maps,hsa01210,2-Oxocarboxylic acid metabolism,1/152,33/9446,0.030303030303030304,1.8831738437001595,0.6499210150748698,0.4150644075346174,0.6053978098847458,0.5117397755006623,IDH2,1
Human Diseases,Infectious disease: viral,hsa05169,Epstein-Barr virus infection,4/152,205/9446,0.01951219512195122,1.2125802310654685,0.39351542565925424,0.4206056096531411,0.6074716056966218,0.5134927448472242,PIK3R3/AKT1/STAT3/IRF3,4
Organismal Systems,Nervous system,hsa04727,GABAergic synapse,2/152,89/9446,0.02247191011235955,1.3965109402720284,0.48062162138248776,0.42108827213061284,0.6074716056966218,0.5134927448472242,ADCY7/ADCY3,2
Organismal Systems,Digestive system,hsa04976,Bile secretion,2/152,90/9446,0.022222222222222223,1.3809941520467837,0.464425330510232,0.4266474478848763,0.6121463382696051,0.5174442731784542,ADCY7/ADCY3,2
Metabolism,Glycan biosynthesis and metabolism,hsa00512,Mucin type O-glycan biosynthesis,1/152,36/9446,0.027777777777777776,1.7262426900584793,0.5582897491377713,0.4429486222349618,0.6289967438562458,0.5316878377094262,B3GNT3,1
Human Diseases,Cancer: specific types,hsa05222,Small cell lung cancer,2/152,93/9446,0.021505376344086023,1.3364459535936617,0.4169680298031975,0.4431567968078095,0.6289967438562458,0.5316878377094262,PIK3R3/AKT1,2
Metabolism,Amino acid metabolism,hsa00250,"Alanine, aspartate and glutamate metabolism",1/152,37/9446,0.02702702702702703,1.6795874822190613,0.5296584917540265,0.4519466891234085,0.6294269899653328,0.5320515226182237,GLUD1,1
Metabolism,Amino acid metabolism,hsa00350,Tyrosine metabolism,1/152,37/9446,0.02702702702702703,1.6795874822190613,0.5296584917540265,0.4519466891234085,0.6294269899653328,0.5320515226182237,FAH,1
Metabolism,Global and overview maps,hsa01240,Biosynthesis of cofactors,3/152,154/9446,0.01948051948051948,1.2106117566643881,0.33698441149433284,0.45253711184902834,0.6294269899653328,0.5320515226182237,AK4/RDH12/LIPT1,3
Human Diseases,Infectious disease: viral,hsa05170,Human immunodeficiency virus 1 infection,4/152,214/9446,0.018691588785046728,1.1615838662075748,0.30575841968106543,0.45299669732353487,0.6294269899653328,0.5320515226182237,PIK3R3/CHEK1/AKT1/IRF3,4
Organismal Systems,Endocrine system,hsa04921,Oxytocin signaling pathway,3/152,155/9446,0.01935483870967742,1.2028013582342956,0.32555691121563674,0.4567445847108731,0.6313118867207879,0.5336448165263439,MYLK3/ADCY7/ADCY3,3
Organismal Systems,Excretory system,hsa04960,Aldosterone-regulated sodium reabsorption,1/152,38/9446,0.02631578947368421,1.635387811634349,0.5018841317586931,0.46080035085719984,0.6329456365508848,0.5350258171801737,PIK3R3,1
Organismal Systems,Environmental adaptation,hsa04713,Circadian entrainment,2/152,97/9446,0.020618556701030927,1.2813347802495931,0.35616246939734586,0.4647578340581008,0.6329456365508848,0.5350258171801737,ADCY7/ADCY3,2
Environmental Information Processing,Signal transduction,hsa04390,Hippo signaling pathway,3/152,157/9446,0.01910828025477707,1.187479047938317,0.3029280750887443,0.46511914201087745,0.6329456365508848,0.5350258171801737,WNT5B/SMAD3/AXIN2,3
Environmental Information Processing,Signal transduction,hsa04070,Phosphatidylinositol signaling system,2/152,98/9446,0.02040816326530612,1.2682599355531685,0.34137439457684127,0.47008157608584167,0.6364181337777549,0.5379611019174005,PIK3R3/INPP4A,2
Cellular Processes,Transport and catabolism,hsa04145,Phagosome,3/152,159/9446,0.018867924528301886,1.1725422045680238,0.28059351087193135,0.47343778569540396,0.6370492812438204,0.5384946077499598,SFTPD/ATP6V1D/TUBB8B,3
Organismal Systems,Immune system,hsa04666,Fc gamma R-mediated phagocytosis,2/152,99/9446,0.020202020202020204,1.2554492291334398,0.3267439187919676,0.4753738954736084,0.6370492812438204,0.5384946077499598,PIK3R3/AKT1,2
Metabolism,Amino acid metabolism,hsa00260,"Glycine, serine and threonine metabolism",1/152,41/9446,0.024390243902439025,1.5157252888318358,0.423206566099655,0.4865177471455594,0.6486903295274125,0.548334728308658,PGAM1,1
Human Diseases,Infectious disease: parasitic,hsa05142,Chagas disease,2/152,103/9446,0.019417475728155338,1.2066939192641797,0.26972709764168645,0.4962218114658379,0.6550127911349061,0.5536790738460928,PIK3R3/AKT1,2
Human Diseases,Infectious disease: parasitic,hsa05146,Amoebiasis,2/152,103/9446,0.019417475728155338,1.2066939192641797,0.26972709764168645,0.4962218114658379,0.6550127911349061,0.5536790738460928,PIK3R3/ACTN1,2
Metabolism,Lipid metabolism,hsa00071,Fatty acid degradation,1/152,43/9446,0.023255813953488372,1.4452264381884945,0.3741996666046271,0.5029819010478407,0.658727042574126,0.5568187122237429,ALDH9A1,1
Organismal Systems,Immune system,hsa04625,C-type lectin receptor signaling pathway,2/152,105/9446,0.01904761904761905,1.1837092731829575,0.24207530264189508,0.5064484939839393,0.658727042574126,0.5568187122237429,PIK3R3/AKT1,2
Metabolism,Glycan biosynthesis and metabolism,hsa00513,Various types of N-glycan biosynthesis,1/152,44/9446,0.022727272727272728,1.4123803827751196,0.3506191667107287,0.5110162253103878,0.658727042574126,0.5568187122237429,FUT8,1
Organismal Systems,Excretory system,hsa04962,Vasopressin-regulated water reabsorption,1/152,44/9446,0.022727272727272728,1.4123803827751196,0.3506191667107287,0.5110162253103878,0.658727042574126,0.5568187122237429,ADCY3,1
Organismal Systems,Digestive system,hsa04972,Pancreatic secretion,2/152,106/9446,0.018867924528301886,1.1725422045680238,0.22845269109111732,0.5115115292715751,0.658727042574126,0.5568187122237429,ADCY7/ADCY3,2
Genetic Information Processing,Translation,hsa03013,Nucleocytoplasmic transport,2/152,108/9446,0.018518518518518517,1.1508284600389864,0.20159960687717063,0.5215357716150241,0.6675780544869854,0.564300428832699,THOC1/NUP62,2
Human Diseases,Infectious disease: viral,hsa05164,Influenza A,3/152,173/9446,0.017341040462427744,1.0776543961058715,0.1318257981188735,0.5299189221797349,0.6675780544869854,0.564300428832699,PIK3R3/AKT1/IRF3,3
Environmental Information Processing,Signal transduction,hsa04350,TGF-beta signaling pathway,2/152,110/9446,0.01818181818181818,1.1299043062200957,0.17525116348231454,0.5314228101907479,0.6675780544869854,0.564300428832699,SMAD3/NOG,2
Environmental Information Processing,Signal transduction,hsa04010,MAPK signaling pathway,5/152,300/9446,0.016666666666666666,1.0357456140350878,0.08046170508989055,0.5323363337194784,0.6675780544869854,0.564300428832699,PTPRR/AKT1/RASGRF1/SOS1/MAP4K3,5
Metabolism,Glycan biosynthesis and metabolism,hsa00514,Other types of O-glycan biosynthesis,1/152,47/9446,0.02127659574468085,1.322228443449048,0.2832001105900253,0.5343531934563088,0.6675780544869854,0.564300428832699,COLGALT2,1
Human Diseases,Endocrine and metabolic disease,hsa04930,Type II diabetes mellitus,1/152,47/9446,0.02127659574468085,1.322228443449048,0.2832001105900253,0.5343531934563088,0.6675780544869854,0.564300428832699,PIK3R3,1
Environmental Information Processing,Signal transduction,hsa04014,Ras signaling pathway,4/152,238/9446,0.01680672268907563,1.0444493586908448,0.08881631773615373,0.536085407391064,0.6675780544869854,0.564300428832699,PIK3R3/AKT1/RASGRF1/SOS1,4
Genetic Information Processing,Transcription,hsa03040,Spliceosome,4/152,241/9446,0.016597510373443983,1.0314479143917887,0.06324262888072872,0.5460426270209632,0.6767852278569684,0.5720832069604359,SMNDC1/SRSF5/THOC1/XAB2,4
Organismal Systems,Immune system,hsa04672,Intestinal immune network for IgA production,1/152,50/9446,0.02,1.2428947368421053,0.2202181163514894,0.5565833730833079,0.6847461125830319,0.5788125034593412,IL15RA,1
Organismal Systems,Immune system,hsa04670,Leukocyte transendothelial migration,2/152,116/9446,0.017241379310344827,1.0714609800362975,0.09903269133950493,0.560246819386117,0.6847461125830319,0.5788125034593412,PIK3R3/ACTN1,2
Organismal Systems,Nervous system,hsa04724,Glutamatergic synapse,2/152,116/9446,0.017241379310344827,1.0714609800362975,0.09903269133950493,0.560246819386117,0.6847461125830319,0.5788125034593412,ADCY7/ADCY3,2
Genetic Information Processing,Chromosome,hsa03082,ATP-dependent chromatin remodeling,2/152,117/9446,0.017094017094017096,1.0623031938821412,0.08671757728871522,0.5649273259360879,0.6872848573600332,0.5809584918673327,BRD7/GATAD2A,2
Cellular Processes,Transport and catabolism,hsa04144,Endocytosis,4/152,252/9446,0.015873015873015872,0.9864243943191311,-0.02793371363487805,0.5815908966900001,0.7043119115878901,0.5953513766213424,CAPZA1/USP8/SMAD3/RABEP1,4
Environmental Information Processing,Signal transduction,hsa04020,Calcium signaling pathway,4/152,254/9446,0.015748031496062992,0.9786572731040198,-0.04409437575150851,0.5878837582237271,0.7086817907354518,0.5990452138593133,ADRB1/MYLK3/ADCY7/ADCY3,4
Metabolism,Nucleotide metabolism,hsa00240,Pyrimidine metabolism,1/152,58/9446,0.017241379310344827,1.0714609800362975,0.06981003653499937,0.610841866647323,0.7330102399767876,0.6196099317188157,NT5C3B,1
Cellular Processes,Cell motility,hsa04814,Motor proteins,3/152,197/9446,0.015228426395939087,0.946366550895004,-0.0972843297710753,0.6183947062519627,0.7387158481923898,0.624432854133918,CAPZA1/KIF20B/TUBB8B,3
Human Diseases,Cancer: overview,hsa05202,Transcriptional misregulation in cancer,3/152,201/9446,0.014925373134328358,0.9275333857030637,-0.13280180662221916,0.6320093927016186,0.7515787372667897,0.635305790672087,PBX1/HMGA2/FUT8,3
Organismal Systems,Nervous system,hsa04728,Dopaminergic synapse,2/152,133/9446,0.015037593984962405,0.9345073209339138,-0.09727365089838935,0.6349542625126068,0.7516947323019202,0.6354038407017827,DRD4/AKT1,2
Metabolism,Lipid metabolism,hsa00590,Arachidonic acid metabolism,1/152,63/9446,0.015873015873015872,0.9864243943191311,-0.013825475358825666,0.6413484496976227,0.7525155143118774,0.6360976436767065,CYP2E1,1
Genetic Information Processing,Replication and repair,hsa03420,Nucleotide excision repair,1/152,63/9446,0.015873015873015872,0.9864243943191311,-0.013825475358825666,0.6413484496976227,0.7525155143118774,0.6360976436767065,RPA2,1
Metabolism,Lipid metabolism,hsa00140,Steroid hormone biosynthesis,1/152,64/9446,0.015625,0.9710115131578947,-0.029757007888178616,0.6471584289842005,0.7526424019904357,0.6362049012040367,CYP2E1,1
Genetic Information Processing,Information processing in viruses,hsa03250,Viral life cycle - HIV-1,1/152,64/9446,0.015625,0.9710115131578947,-0.029757007888178616,0.6471584289842005,0.7526424019904357,0.6362049012040367,KAT2A,1
Metabolism,Lipid metabolism,hsa00561,Glycerolipid metabolism,1/152,65/9446,0.015384615384615385,0.9560728744939272,-0.04544502391422048,0.6528748986915552,0.7559604090112745,0.6390095961339322,ALDH9A1,1
Cellular Processes,Cell growth and death,hsa04114,Oocyte meiosis,2/152,139/9446,0.014388489208633094,0.894168875425975,-0.16074497120835715,0.6588613970669399,0.7595607372300094,0.6420529357765629,ADCY7/ADCY3,2
Human Diseases,Cardiovascular disease,hsa05418,Fluid shear stress and atherosclerosis,2/152,142/9446,0.014084507042253521,0.8752779836916234,-0.1915022520433565,0.6703409465402508,0.7679159532382779,0.6491155585586719,PIK3R3/AKT1,2
Organismal Systems,Development and regeneration,hsa04380,Osteoclast differentiation,2/152,143/9446,0.013986013986013986,0.8691571586308428,-0.20161735637336028,0.6740979596292562,0.7679159532382779,0.6491155585586719,PIK3R3/AKT1,2
Organismal Systems,Endocrine system,hsa04924,Renin secretion,1/152,69/9446,0.014492753623188406,0.9006483600305111,-0.10592270637748383,0.6748352316336381,0.7679159532382779,0.6491155585586719,ADRB1,1
Human Diseases,Infectious disease: bacterial,hsa05120,Epithelial cell signaling in Helicobacter pylori infection,1/152,71/9446,0.014084507042253521,0.8752779836916234,-0.1348988043535942,0.6852921050224934,0.7764683078366449,0.6563448216163027,ATP6V1D,1
Organismal Systems,Immune system,hsa04622,RIG-I-like receptor signaling pathway,1/152,72/9446,0.013888888888888888,0.8631213450292397,-0.1490942668069129,0.6903945690263955,0.7789066932605487,0.6584059767593156,IRF3,1
Cellular Processes,Cell growth and death,hsa04115,p53 signaling pathway,1/152,75/9446,0.013333333333333334,0.8285964912280702,-0.19058065351079612,0.7052140468409506,0.7922404611319616,0.6696769448164905,CHEK1,1
Environmental Information Processing,Signaling molecules and interaction,hsa04080,Neuroactive ligand-receptor interaction,5/152,370/9446,0.013513513513513514,0.8397937411095306,-0.40202636801204716,0.7161638609637482,0.7929668786314824,0.6702909819372976,ADRB1/DRD4/PATE1/CHRNB1/PPY,5
Metabolism,Carbohydrate metabolism,hsa00562,Inositol phosphate metabolism,1/152,78/9446,0.01282051282051282,0.796727395411606,-0.2305282499137038,0.719328624084166,0.7929668786314824,0.6702909819372976,INPP4A,1
Genetic Information Processing,"Folding, sorting and degradation",hsa03018,RNA degradation,1/152,78/9446,0.01282051282051282,0.796727395411606,-0.2305282499137038,0.719328624084166,0.7929668786314824,0.6702909819372976,DCP1B,1
Human Diseases,Infectious disease: bacterial,hsa05133,Pertussis,1/152,78/9446,0.01282051282051282,0.796727395411606,-0.2305282499137038,0.719328624084166,0.7929668786314824,0.6702909819372976,IRF3,1
Cellular Processes,Transport and catabolism,hsa04148,Efferocytosis,2/152,157/9446,0.012738853503184714,0.7916526986255448,-0.336646935480831,0.723134234789929,0.7929668786314824,0.6702909819372976,PBX1/DNMT3A,2
Organismal Systems,Nervous system,hsa04721,Synaptic vesicle cycle,1/152,79/9446,0.012658227848101266,0.7866422385076616,-0.2435247873214126,0.7238826429931335,0.7929668786314824,0.6702909819372976,ATP6V1D,1
Cellular Processes,Cell motility,hsa04820,Cytoskeleton in muscle cells,3/152,233/9446,0.012875536480686695,0.8001468262932008,-0.3950116599287587,0.7287582523476619,0.7950090025610856,0.6720171791983659,HSPG2/CAPZA1/SPTBN2,3
Organismal Systems,Immune system,hsa04623,Cytosolic DNA-sensing pathway,1/152,83/9446,0.012048192771084338,0.7487317691819912,-0.29402926441393346,0.741376255613294,0.8054458085675292,0.6808393597141794,IRF3,1
Organismal Systems,Sensory system,hsa04742,Taste transduction,1/152,86/9446,0.011627906976744186,0.72261321909424725,-0.3304596989291746,0.7537697674589561,0.8155541746277231,0.6893839115672937,TAS2R14,1
Organismal Systems,Circulatory system,hsa04260,Cardiac muscle contraction,1/152,87/9446,0.011494252873563218,0.7143073200241984,-0.3423461567295394,0.7577683780728703,0.8165340890254603,0.6902122283628294,COX7A2L,1
Environmental Information Processing,Signaling molecules and interaction,hsa04512,ECM-receptor interaction,1/152,89/9446,0.011235955056179775,0.6982554701360142,-0.3657526954666879,0.765573090227607,0.821564611973137,0.6944645045386963,HSPG2,1
Genetic Information Processing,"Folding, sorting and degradation",hsa04141,Protein processing in endoplasmic reticulum,2/152,172/9446,0.011627906976744186,0.72261321909424725,-0.4695024677211792,0.7686608301415334,0.821564611973137,0.6944645045386963,CAPN2/UBE2G1,2
Organismal Systems,Immune system,hsa04658,Th1 and Th2 cell differentiation,1/152,93/9446,0.010752688172043012,0.6682229767968308,-0.4111816778336829,0.7804408622943466,0.8307918856681754,0.7022642733718231,STAT5B,1
Organismal Systems,Immune system,hsa04657,IL-17 signaling pathway,1/152,95/9446,0.010526315789473684,0.6541551246537396,-0.43324699582474036,0.787519567338341,0.8316206631092882,0.7029648348451718,MAPK6,1
Human Diseases,Immune disease,hsa05323,Rheumatoid arthritis,1/152,95/9446,0.010526315789473684,0.6541551246537396,-0.43324699582474036,0.787519567338341,0.8316206631092882,0.7029648348451718,ATP6V1D,1
Human Diseases,Infectious disease: bacterial,hsa05152,Tuberculosis,2/152,182/9446,0.01098901098901099,0.6829091960670909,-0.5523845320566038,0.7952952668977861,0.8364858584104203,0.7070773603788243,IL10RA/AKT1,2
Environmental Information Processing,Signaling molecules and interaction,hsa04061,Viral protein interaction with cytokine and cytokine receptor,1/152,100/9446,0.01,0.6214473684210526,-0.48667027636328813,0.8042399466459018,0.8423543797618794,0.7120379924621947,IL10RA,1
Human Diseases,Infectious disease: bacterial,hsa05150,Staphylococcus aureus infection,1/152,102/9446,0.00980392156862745,0.6092621259029928,-0.5073885019136132,0.8105560450071148,0.8423543797618794,0.7120379924621947,KRT34,1
Organismal Systems,Immune system,hsa04621,NOD-like receptor signaling pathway,2/152,189/9446,0.010582010582010581,0.6576162628794208,-0.6080374642967925,0.8123030173394502,0.8423543797618794,0.7120379924621947,PKN2/IRF3,2
Metabolism,Lipid metabolism,hsa00564,Glycerophospholipid metabolism,1/152,103/9446,0.009708737864077669,0.6033469596320898,-0.5176159692073155,0.813637753179088,0.8423543797618794,0.7120379924621947,PGS1,1
Organismal Systems,Immune system,hsa04613,Neutrophil extracellular trap formation,2/152,196/9446,0.01020408163265306,0.6341299677765843,-0.6619199168231259,0.8280471127290325,0.8539235850018148,0.7218173844512948,PIK3R3/AKT1,2
Organismal Systems,Sensory system,hsa04740,Olfactory transduction,5/152,454/9446,0.011013215859030838,0.6844134013447716,-0.8813324707018493,0.8616276896344394,0.8850961481069727,0.7481673979213646,OR6F1/OR9Q1/OR5AN1/OR4Q2/ADCY3,5
NA,NA,hsa04382,Cornified envelope formation,2/152,217/9446,0.009216589861751152,0.5727625515401407,-0.814222871763948,0.8684239053207599,0.8886198100956613,0.7511459319787887,SPRR2D/KRT34,2
