"ID","Description","GeneRatio","BgRatio","RichFactor","FoldEnrichment","zScore","pvalue","p.adjust","qvalue","geneID","Count"
"GO:0001217","DNA-binding transcription repressor activity","9/177","278/18639",0.0323741007194245,3.40915741982685,3.96265556449613,0.00138886937390991,0.581170776864836,0.579840866620294,"HES2/ZNF140/ZBTB25/SMAD3/NACC1/ZNF91/IRF3/MXD1/VAX2",9
"GO:0001227","DNA-binding transcription repressor activity, RNA polymerase II-specific","8/177","268/18639",0.0298507462686567,3.14343536554516,3.460654986765,0.00415979127288521,0.581170776864836,0.579840866620294,"HES2/ZNF140/ZBTB25/NACC1/ZNF91/IRF3/MXD1/VAX2",8
"GO:0035259","nuclear glucocorticoid receptor binding","2/177","12/18639",0.166666666666667,17.5508474576271,5.61547263602845,0.00555940434048652,0.581170776864836,0.579840866620294,"SMAD3/STAT5B",2
"GO:0001216","DNA-binding transcription activator activity","11/177","491/18639",0.0224032586558045,2.35917705133073,2.98847280085173,0.00737335432259933,0.581170776864836,0.579840866620294,"PBX1/SMAD3/ATMIN/STAT5B/STAT3/BRCA1/ZNF91/ZNF574/ZNF227/MEIS3/IRF3",11
"GO:0070411","I-SMAD binding","2/177","16/18639",0.125,13.1631355932203,4.76571022049336,0.00985942396092245,0.581170776864836,0.579840866620294,"SMAD3/AXIN2",2
"GO:0009975","cyclase activity","2/177","21/18639",0.0952380952380952,10.0290556900726,4.05352055527086,0.0167270351189687,0.581170776864836,0.579840866620294,"GUCY2C/ADCY3",2
"GO:0001228","DNA-binding transcription activator activity, RNA polymerase II-specific","10/177","484/18639",0.0206611570247934,2.17572489144138,2.56612129431324,0.0174756123273918,0.581170776864836,0.579840866620294,"PBX1/SMAD3/ATMIN/STAT5B/STAT3/ZNF91/ZNF574/ZNF227/MEIS3/IRF3",10
"GO:0016780","phosphotransferase activity, for other substituted phosphate groups","2/177","22/18639",0.0909090909090909,9.57318952234207,3.93954285456128,0.0182862147186749,0.581170776864836,0.579840866620294,"PGS1/FKRP",2
"GO:0140297","DNA-binding transcription factor binding","10/177","488/18639",0.0204918032786885,2.15789108085579,2.53789853346399,0.0183916877073027,0.581170776864836,0.579840866620294,"PBX1/TTC8/SMAD3/SOX8/KAT2A/STAT5B/STAT3/MED25/STRN/ANXA4",10
"GO:0016849","phosphorus-oxygen lyase activity","2/177","23/18639",0.0869565217391304,9.15696389093589,3.83262374746364,0.0199042867417138,0.581170776864836,0.579840866620294,"GUCY2C/ADCY3",2
"GO:0140103","catalytic activity, acting on a glycoprotein","2/177","23/18639",0.0869565217391304,9.15696389093589,3.83262374746364,0.0199042867417138,0.581170776864836,0.579840866620294,"FUT8/B3GNT3",2
"GO:1990841","promoter-specific chromatin binding","3/177","68/18639",0.0441176470588235,4.64581256231306,2.94902233624797,0.0269007268170928,0.581170776864836,0.579840866620294,"SMAD3/IRF3/PCGF1",3
"GO:0046625","sphingolipid binding","2/177","28/18639",0.0714285714285714,7.52179176755448,3.38148918607154,0.0288350593651762,0.581170776864836,0.579840866620294,"SELL/GLTPD2",2
"GO:0035250","UDP-galactosyltransferase activity","2/177","29/18639",0.0689655172413793,7.26241963763881,3.30456951236529,0.0307809501586009,0.581170776864836,0.579840866620294,"COLGALT2/B3GNT3",2
"GO:0043236","laminin binding","2/177","29/18639",0.0689655172413793,7.26241963763881,3.30456951236529,0.0307809501586009,0.581170776864836,0.579840866620294,"BCAM/FKRP",2
"GO:0005518","collagen binding","3/177","72/18639",0.0416666666666667,4.38771186440678,2.8199977264812,0.0311521578045098,0.581170776864836,0.579840866620294,"HSPG2/SMAD3/C1QTNF1",3
"GO:0019902","phosphatase binding","5/177","190/18639",0.0263157894736842,2.77118644067797,2.40271122548763,0.0351484836252948,0.581170776864836,0.579840866620294,"RPA2/SMAD3/KAT2A/STAT3/STRN",5
"GO:0008378","galactosyltransferase activity","2/177","32/18639",0.0625,6.58156779661017,3.0941397715242,0.0369174101861846,0.581170776864836,0.579840866620294,"COLGALT2/B3GNT3",2
"GO:0042910","xenobiotic transmembrane transporter activity","2/177","32/18639",0.0625,6.58156779661017,3.0941397715242,0.0369174101861846,0.581170776864836,0.579840866620294,"ABCC11/ATRAID",2
"GO:0015035","protein-disulfide reductase activity","2/177","34/18639",0.0588235294117647,6.19441674975075,2.96830364366074,0.0412463420751059,0.581170776864836,0.579840866620294,"TXNDC12/PDIA2",2
"GO:0016922","nuclear receptor binding","4/177","137/18639",0.0291970802919708,3.07460101447482,2.38634068015009,0.0417612649007684,0.581170776864836,0.579840866620294,"SMAD3/STAT5B/MED25/STRN",4
"GO:0022829","wide pore channel activity","2/177","37/18639",0.0540540540540541,5.6921667430142,2.79731511874203,0.0480753422992564,0.581170776864836,0.579840866620294,"GJC1/TOMM40",2
"GO:0019903","protein phosphatase binding","4/177","144/18639",0.0277777777777778,2.92514124293785,2.2707200250308,0.0485925340348421,0.581170776864836,0.579840866620294,"RPA2/KAT2A/STAT3/STRN",4
"GO:0061629","RNA polymerase II-specific DNA-binding transcription factor binding","7/177","349/18639",0.0200573065902579,2.11213637025885,2.05357617930806,0.0493682986746899,0.581170776864836,0.579840866620294,"TTC8/SMAD3/STAT5B/STAT3/MED25/STRN/ANXA4",7
"GO:0015036","disulfide oxidoreductase activity","2/177","40/18639",0.05,5.26525423728814,2.64409487942475,0.0552824968058174,0.581170776864836,0.579840866620294,"TXNDC12/PDIA2",2
"GO:0001223","transcription coactivator binding","2/177","44/18639",0.0454545454545455,4.78659476117103,2.46220375990554,0.0654346141932129,0.581170776864836,0.579840866620294,"SMAD3/MED25",2
"GO:0019205","nucleobase-containing compound kinase activity","2/177","44/18639",0.0454545454545455,4.78659476117103,2.46220375990554,0.0654346141932129,0.581170776864836,0.579840866620294,"AK4/DGUOK",2
"GO:0051539","4 iron, 4 sulfur cluster binding","2/177","45/18639",0.0444444444444444,4.68022598870057,2.42014420885772,0.068063276580297,0.581170776864836,0.579840866620294,"DDX11/NDUFS7",2
"GO:0031625","ubiquitin protein ligase binding","6/177","302/18639",0.0198675496688742,2.09215400157144,1.87357086330265,0.0686538118595474,0.581170776864836,0.579840866620294,"RPA2/PA2G4/SMAD3/UBB/BRCA1/AXIN2",6
"GO:0043130","ubiquitin binding","3/177","100/18639",0.03,3.15915254237288,2.11976192590903,0.0698995273623799,0.581170776864836,0.579840866620294,"SPRTN/SMAD3/NUP62",3
"GO:0015399","primary active transmembrane transporter activity","4/177","166/18639",0.0240963855421687,2.53747192158464,1.94822645162487,0.0738102739978821,0.581170776864836,0.579840866620294,"ATP6V1D/ABCC11/NDUFS7/COX7A2L",4
"GO:0001222","transcription corepressor binding","2/177","49/18639",0.0408163265306122,4.29816672431684,2.26348626966543,0.0789135687593633,0.581170776864836,0.579840866620294,"PBX1/SMAD3",2
"GO:0044389","ubiquitin-like protein ligase binding","6/177","322/18639",0.0186335403726708,1.96220654805769,1.70535965669738,0.0871075894000249,0.581170776864836,0.579840866620294,"RPA2/PA2G4/SMAD3/UBB/BRCA1/AXIN2",6
"GO:0004222","metalloendopeptidase activity","3/177","110/18639",0.0272727272727273,2.87195685670262,1.92802695248686,0.0872561592320117,0.581170776864836,0.579840866620294,"ZMPSTE24/SPRTN/ADAMTS7",3
"GO:0003796","lysozyme activity","1/177","10/18639",0.1,10.5305084745763,2.95167280573411,0.0910262800552634,0.581170776864836,0.579840866620294,"LYZ",1
"GO:0004935","adrenergic receptor activity","1/177","10/18639",0.1,10.5305084745763,2.95167280573411,0.0910262800552634,0.581170776864836,0.579840866620294,"ADRB1",1
"GO:0015643","toxic substance binding","1/177","10/18639",0.1,10.5305084745763,2.95167280573411,0.0910262800552634,0.581170776864836,0.579840866620294,"GUCY2C",1
"GO:0034596","phosphatidylinositol phosphate 4-phosphatase activity","1/177","10/18639",0.1,10.5305084745763,2.95167280573411,0.0910262800552634,0.581170776864836,0.579840866620294,"INPP4A",1
"GO:0042166","acetylcholine binding","1/177","10/18639",0.1,10.5305084745763,2.95167280573411,0.0910262800552634,0.581170776864836,0.579840866620294,"CHRNB1",1
"GO:0042975","peroxisome proliferator activated receptor binding","1/177","10/18639",0.1,10.5305084745763,2.95167280573411,0.0910262800552634,0.581170776864836,0.579840866620294,"ASXL2",1
"GO:0043208","glycosphingolipid binding","1/177","10/18639",0.1,10.5305084745763,2.95167280573411,0.0910262800552634,0.581170776864836,0.579840866620294,"SELL",1
"GO:0043225","ATPase-coupled inorganic anion transmembrane transporter activity","1/177","10/18639",0.1,10.5305084745763,2.95167280573411,0.0910262800552634,0.581170776864836,0.579840866620294,"ABCC11",1
"GO:0051880","G-quadruplex DNA binding","1/177","10/18639",0.1,10.5305084745763,2.95167280573411,0.0910262800552634,0.581170776864836,0.579840866620294,"DDX11",1
"GO:0097177","mitochondrial ribosome binding","1/177","10/18639",0.1,10.5305084745763,2.95167280573411,0.0910262800552634,0.581170776864836,0.579840866620294,"NDUFAB1",1
"GO:0098505","G-rich strand telomeric DNA binding","1/177","10/18639",0.1,10.5305084745763,2.95167280573411,0.0910262800552634,0.581170776864836,0.579840866620294,"RPA2",1
"GO:0016667","oxidoreductase activity, acting on a sulfur group of donors","2/177","54/18639",0.037037037037037,3.90018832391714,2.08972294140201,0.0931679283751372,0.581170776864836,0.579840866620294,"TXNDC12/PDIA2",2
"GO:0001221","transcription coregulator binding","3/177","115/18639",0.0260869565217391,2.74708916728077,1.84010886870459,0.0965524860799412,0.581170776864836,0.579840866620294,"PBX1/SMAD3/MED25",3
"GO:0009055","electron transfer activity","3/177","116/18639",0.0258620689655172,2.72340736411455,1.8230903370102,0.0984585889224697,0.581170776864836,0.579840866620294,"GPX2/NDUFS7/COX7A2L",3
"GO:0099529","neurotransmitter receptor activity involved in regulation of postsynaptic membrane potential","2/177","56/18639",0.0357142857142857,3.76089588377724,2.02597015261997,0.0990639947870988,0.581170776864836,0.579840866620294,"ADRB1/CHRNB1",2
"GO:0001161","intronic transcription regulatory region sequence-specific DNA binding","1/177","11/18639",0.0909090909090909,9.57318952234207,2.78485486209421,0.0996627258349735,0.581170776864836,0.579840866620294,"VAX2",1
"GO:0002162","dystroglycan binding","1/177","11/18639",0.0909090909090909,9.57318952234207,2.78485486209421,0.0996627258349735,0.581170776864836,0.579840866620294,"FKRP",1
"GO:0004016","adenylate cyclase activity","1/177","11/18639",0.0909090909090909,9.57318952234207,2.78485486209421,0.0996627258349735,0.581170776864836,0.579840866620294,"ADCY3",1
"GO:0019206","nucleoside kinase activity","1/177","11/18639",0.0909090909090909,9.57318952234207,2.78485486209421,0.0996627258349735,0.581170776864836,0.579840866620294,"DGUOK",1
"GO:0099528","G protein-coupled neurotransmitter receptor activity","1/177","11/18639",0.0909090909090909,9.57318952234207,2.78485486209421,0.0996627258349735,0.581170776864836,0.579840866620294,"ADRB1",1
"GO:0022853","active monoatomic ion transmembrane transporter activity","3/177","118/18639",0.0254237288135593,2.67724791726515,1.78958760297665,0.102316287389707,0.581170776864836,0.579840866620294,"ATP6V1D/NDUFS7/COX7A2L",3
"GO:0032182","ubiquitin-like protein binding","3/177","120/18639",0.025,2.63262711864407,1.75677352051202,0.106233506564567,0.581170776864836,0.579840866620294,"SPRTN/SMAD3/NUP62",3
"GO:0003697","single-stranded DNA binding","3/177","121/18639",0.0247933884297521,2.61086986972965,1.7406161840951,0.10821400722128,0.581170776864836,0.579840866620294,"RPA2/SPRTN/DDX11",3
"GO:0004859","phospholipase inhibitor activity","1/177","12/18639",0.0833333333333333,8.77542372881356,2.63809326346958,0.108217573243564,0.581170776864836,0.579840866620294,"ANXA4",1
"GO:0004875","complement receptor activity","1/177","12/18639",0.0833333333333333,8.77542372881356,2.63809326346958,0.108217573243564,0.581170776864836,0.579840866620294,"C5AR2",1
"GO:0008499","N-acetyl-beta-D-glucosaminide beta-(1,3)-galactosyltransferase activity","1/177","12/18639",0.0833333333333333,8.77542372881356,2.63809326346958,0.108217573243564,0.581170776864836,0.579840866620294,"B3GNT3",1
"GO:0015368","calcium:monoatomic cation antiporter activity","1/177","12/18639",0.0833333333333333,8.77542372881356,2.63809326346958,0.108217573243564,0.581170776864836,0.579840866620294,"SLC24A5",1
"GO:0043047","single-stranded telomeric DNA binding","1/177","12/18639",0.0833333333333333,8.77542372881356,2.63809326346958,0.108217573243564,0.581170776864836,0.579840866620294,"RPA2",1
"GO:0070410","co-SMAD binding","1/177","12/18639",0.0833333333333333,8.77542372881356,2.63809326346958,0.108217573243564,0.581170776864836,0.579840866620294,"SMAD3",1
"GO:0016616","oxidoreductase activity, acting on the CH-OH group of donors, NAD or NADP as acceptor","3/177","122/18639",0.0245901639344262,2.58946929702695,1.72462095584241,0.110208871536652,0.581170776864836,0.579840866620294,"RDH12/IDH2/MDH1",3
"GO:0015026","coreceptor activity","2/177","61/18639",0.0327868852459016,3.45262572936927,1.87864028824984,0.114236662977718,0.581170776864836,0.579840866620294,"ROR1/NECTIN2",2
"GO:0008417","fucosyltransferase activity","1/177","13/18639",0.0769230769230769,8.10039113428944,2.50750070307082,0.116691588894816,0.581170776864836,0.579840866620294,"FUT8",1
"GO:0052650","all-trans-retinol dehydrogenase (NADP+) activity","1/177","13/18639",0.0769230769230769,8.10039113428944,2.50750070307082,0.116691588894816,0.581170776864836,0.579840866620294,"RDH12",1
"GO:0140852","histone ubiquitin ligase activity","1/177","13/18639",0.0769230769230769,8.10039113428944,2.50750070307082,0.116691588894816,0.581170776864836,0.579840866620294,"BRCA1",1
"GO:0031490","chromatin DNA binding","3/177","128/18639",0.0234375,2.46808792372881,1.63188302254632,0.122469931871584,0.581170776864836,0.579840866620294,"SMAD3/STAT3/VAX2",3
"GO:0005545","1-phosphatidylinositol binding","1/177","14/18639",0.0714285714285714,7.52179176755448,2.39017510638146,0.125085532240979,0.581170776864836,0.579840866620294,"EPB41",1
"GO:0008392","arachidonate epoxygenase activity","1/177","14/18639",0.0714285714285714,7.52179176755448,2.39017510638146,0.125085532240979,0.581170776864836,0.579840866620294,"CYP2A6",1
"GO:0008559","ABC-type xenobiotic transporter activity","1/177","14/18639",0.0714285714285714,7.52179176755448,2.39017510638146,0.125085532240979,0.581170776864836,0.579840866620294,"ABCC11",1
"GO:0042813","Wnt receptor activity","1/177","14/18639",0.0714285714285714,7.52179176755448,2.39017510638146,0.125085532240979,0.581170776864836,0.579840866620294,"ROR1",1
"GO:0046030","inositol trisphosphate phosphatase activity","1/177","14/18639",0.0714285714285714,7.52179176755448,2.39017510638146,0.125085532240979,0.581170776864836,0.579840866620294,"INPP4A",1
"GO:0061783","peptidoglycan muralytic activity","1/177","14/18639",0.0714285714285714,7.52179176755448,2.39017510638146,0.125085532240979,0.581170776864836,0.579840866620294,"LYZ",1
"GO:0098847","sequence-specific single stranded DNA binding","1/177","14/18639",0.0714285714285714,7.52179176755448,2.39017510638146,0.125085532240979,0.581170776864836,0.579840866620294,"RPA2",1
"GO:0016614","oxidoreductase activity, acting on CH-OH group of donors","3/177","132/18639",0.0227272727272727,2.39329738058552,1.5729310562775,0.130909058941938,0.581170776864836,0.579840866620294,"RDH12/IDH2/MDH1",3
"GO:0050840","extracellular matrix binding","2/177","67/18639",0.0298507462686567,3.14343536554516,1.72093857513428,0.133158026872205,0.581170776864836,0.579840866620294,"BCAM/FKRP",2
"GO:0004129","cytochrome-c oxidase activity","1/177","15/18639",0.0666666666666667,7.02033898305085,2.28389959274491,0.133400155639279,0.581170776864836,0.579840866620294,"COX7A2L",1
"GO:0031386","protein tag activity","1/177","15/18639",0.0666666666666667,7.02033898305085,2.28389959274491,0.133400155639279,0.581170776864836,0.579840866620294,"UBB",1
"GO:0048531","beta-1,3-galactosyltransferase activity","1/177","15/18639",0.0666666666666667,7.02033898305085,2.28389959274491,0.133400155639279,0.581170776864836,0.579840866620294,"B3GNT3",1
"GO:0141047","molecular tag activity","1/177","15/18639",0.0666666666666667,7.02033898305085,2.28389959274491,0.133400155639279,0.581170776864836,0.579840866620294,"UBB",1
"GO:0005516","calmodulin binding","4/177","207/18639",0.0193236714975845,2.03488086465242,1.46600756763045,0.134828167407982,0.581170776864836,0.579840866620294,"EPB41/MBP/ADCY3/STRN",4
"GO:0015453","oxidoreduction-driven active transmembrane transporter activity","2/177","68/18639",0.0294117647058824,3.09720837487537,1.69638845540374,0.136377945055693,0.581170776864836,0.579840866620294,"NDUFS7/COX7A2L",2
"GO:0002020","protease binding","3/177","136/18639",0.0220588235294118,2.32290628115653,1.51608786579366,0.139547040644964,0.581170776864836,0.579840866620294,"SELL/MBP/NDUFS7",3
"GO:0098960","postsynaptic neurotransmitter receptor activity","2/177","69/18639",0.0289855072463768,3.05232129697863,1.67228717422977,0.139615126613389,0.581170776864836,0.579840866620294,"ADRB1/CHRNB1",2
"GO:0003688","DNA replication origin binding","1/177","16/18639",0.0625,6.58156779661017,2.18694714786444,0.141636204417836,0.581170776864836,0.579840866620294,"DDX11",1
"GO:0008391","arachidonate monooxygenase activity","1/177","16/18639",0.0625,6.58156779661017,2.18694714786444,0.141636204417836,0.581170776864836,0.579840866620294,"CYP2A6",1
"GO:0015378","sodium:chloride symporter activity","1/177","16/18639",0.0625,6.58156779661017,2.18694714786444,0.141636204417836,0.581170776864836,0.579840866620294,"SLC12A3",1
"GO:0016675","oxidoreductase activity, acting on a heme group of donors","1/177","16/18639",0.0625,6.58156779661017,2.18694714786444,0.141636204417836,0.581170776864836,0.579840866620294,"COX7A2L",1
"GO:0022848","acetylcholine-gated monoatomic cation-selective channel activity","1/177","16/18639",0.0625,6.58156779661017,2.18694714786444,0.141636204417836,0.581170776864836,0.579840866620294,"CHRNB1",1
"GO:0043023","ribosomal large subunit binding","1/177","16/18639",0.0625,6.58156779661017,2.18694714786444,0.141636204417836,0.581170776864836,0.579840866620294,"NDUFAB1",1
"GO:0055102","lipase inhibitor activity","1/177","16/18639",0.0625,6.58156779661017,2.18694714786444,0.141636204417836,0.581170776864836,0.579840866620294,"ANXA4",1
"GO:0004550","nucleoside diphosphate kinase activity","1/177","17/18639",0.0588235294117647,6.19441674975075,2.0979493712551,0.149794416940955,0.581170776864836,0.579840866620294,"AK4",1
"GO:0030548","acetylcholine receptor regulator activity","1/177","17/18639",0.0588235294117647,6.19441674975075,2.0979493712551,0.149794416940955,0.581170776864836,0.579840866620294,"PATE1",1
"GO:0046965","nuclear retinoid X receptor binding","1/177","17/18639",0.0588235294117647,6.19441674975075,2.0979493712551,0.149794416940955,0.581170776864836,0.579840866620294,"MED25",1
"GO:0048038","quinone binding","1/177","17/18639",0.0588235294117647,6.19441674975075,2.0979493712551,0.149794416940955,0.581170776864836,0.579840866620294,"NDUFS7",1
"GO:0070492","oligosaccharide binding","1/177","17/18639",0.0588235294117647,6.19441674975075,2.0979493712551,0.149794416940955,0.581170776864836,0.579840866620294,"SELL",1
"GO:0003684","damaged DNA binding","2/177","74/18639",0.027027027027027,2.8460833715071,1.5579969641206,0.156038877822674,0.581170776864836,0.579840866620294,"RPA2/BRCA1",2
"GO:0000900","mRNA regulatory element binding translation repressor activity","1/177","18/18639",0.0555555555555556,5.85028248587571,2.01580584062151,0.157875524673822,0.581170776864836,0.579840866620294,"ZNF540",1
"GO:0015373","monoatomic anion:sodium symporter activity","1/177","18/18639",0.0555555555555556,5.85028248587571,2.01580584062151,0.157875524673822,0.581170776864836,0.579840866620294,"SLC12A3",1
"GO:0031690","adrenergic receptor binding","1/177","18/18639",0.0555555555555556,5.85028248587571,2.01580584062151,0.157875524673822,0.581170776864836,0.579840866620294,"ADRB1",1
"GO:0098641","cadherin binding involved in cell-cell adhesion","1/177","18/18639",0.0555555555555556,5.85028248587571,2.01580584062151,0.157875524673822,0.581170776864836,0.579840866620294,"EPCAM",1
"GO:0099602","neurotransmitter receptor regulator activity","1/177","18/18639",0.0555555555555556,5.85028248587571,2.01580584062151,0.157875524673822,0.581170776864836,0.579840866620294,"PATE1",1
"GO:0051536","iron-sulfur cluster binding","2/177","76/18639",0.0263157894736842,2.77118644067797,1.51493467500388,0.162708523284857,0.581170776864836,0.579840866620294,"DDX11/NDUFS7",2
"GO:0098631","cell adhesion mediator activity","2/177","76/18639",0.0263157894736842,2.77118644067797,1.51493467500388,0.162708523284857,0.581170776864836,0.579840866620294,"BCAM/EPCAM",2
"GO:0003756","protein disulfide isomerase activity","1/177","19/18639",0.0526315789473684,5.54237288135593,1.939620020089,0.165880252246602,0.581170776864836,0.579840866620294,"PDIA2",1
"GO:0008574","plus-end-directed microtubule motor activity","1/177","19/18639",0.0526315789473684,5.54237288135593,1.939620020089,0.165880252246602,0.581170776864836,0.579840866620294,"KIF20B",1
"GO:0016864","intramolecular oxidoreductase activity, transposing S-S bonds","1/177","19/18639",0.0526315789473684,5.54237288135593,1.939620020089,0.165880252246602,0.581170776864836,0.579840866620294,"PDIA2",1
"GO:0022821","solute:potassium antiporter activity","1/177","19/18639",0.0526315789473684,5.54237288135593,1.939620020089,0.165880252246602,0.581170776864836,0.579840866620294,"SLC24A5",1
"GO:0046624","sphingolipid transporter activity","1/177","19/18639",0.0526315789473684,5.54237288135593,1.939620020089,0.165880252246602,0.581170776864836,0.579840866620294,"GLTPD2",1
"GO:0050145","nucleoside monophosphate kinase activity","1/177","19/18639",0.0526315789473684,5.54237288135593,1.939620020089,0.165880252246602,0.581170776864836,0.579840866620294,"AK4",1
"GO:0097001","ceramide binding","1/177","19/18639",0.0526315789473684,5.54237288135593,1.939620020089,0.165880252246602,0.581170776864836,0.579840866620294,"GLTPD2",1
"GO:0140036","ubiquitin-modified protein reader activity","1/177","19/18639",0.0526315789473684,5.54237288135593,1.939620020089,0.165880252246602,0.581170776864836,0.579840866620294,"BRCA1",1
"GO:0051540","metal cluster binding","2/177","77/18639",0.025974025974026,2.73519700638345,1.49392461036504,0.166062566184567,0.581170776864836,0.579840866620294,"DDX11/NDUFS7",2
"GO:0008186","ATP-dependent activity, acting on RNA","2/177","79/18639",0.0253164556962025,2.66595151255095,1.45289366589717,0.172806407916614,0.581170776864836,0.579840866620294,"DDX10/DDX11",2
"GO:0046332","SMAD binding","2/177","79/18639",0.0253164556962025,2.66595151255095,1.45289366589717,0.172806407916614,0.581170776864836,0.579840866620294,"SMAD3/AXIN2",2
"GO:0004745","all-trans-retinol dehydrogenase (NAD+) activity","1/177","20/18639",0.05,5.26525423728814,1.86865298313564,0.173809317517942,0.581170776864836,0.579840866620294,"RDH12",1
"GO:0015464","acetylcholine receptor activity","1/177","20/18639",0.05,5.26525423728814,1.86865298313564,0.173809317517942,0.581170776864836,0.579840866620294,"CHRNB1",1
"GO:0052745","inositol phosphate phosphatase activity","1/177","20/18639",0.05,5.26525423728814,1.86865298313564,0.173809317517942,0.581170776864836,0.579840866620294,"INPP4A",1
"GO:0005085","guanyl-nucleotide exchange factor activity","4/177","230/18639",0.0173913043478261,1.83139277818718,1.24222990601559,0.175762429941772,0.581170776864836,0.579840866620294,"RHOF/DENND4A/VPS9D1/SOS1",4
"GO:0061775","cohesin loader activity","3/177","153/18639",0.0196078431372549,2.06480558325025,1.29491563398415,0.178212919717974,0.581170776864836,0.579840866620294,"DDX10/DDX11/MAU2",3
"GO:0015125","bile acid transmembrane transporter activity","1/177","21/18639",0.0476190476190476,5.01452784503632,1.80228937533899,0.181663431637891,0.581170776864836,0.579840866620294,"ABCC11",1
"GO:0140375","immune receptor activity","3/177","156/18639",0.0192307692307692,2.02509778357236,1.25889142544151,0.185322491290973,0.581170776864836,0.579840866620294,"IL15RA/IL10RA/C5AR2",3
"GO:0030165","PDZ domain binding","2/177","83/18639",0.0240963855421687,2.53747192158464,1.37451970727115,0.186422640245399,0.581170776864836,0.579840866620294,"ADRB1/SNTG2",2
"GO:0005243","gap junction channel activity","1/177","22/18639",0.0454545454545455,4.78659476117103,1.74001196353061,0.189443299110234,0.581170776864836,0.579840866620294,"GJC1",1
"GO:0015377","chloride:monoatomic cation symporter activity","1/177","22/18639",0.0454545454545455,4.78659476117103,1.74001196353061,0.189443299110234,0.581170776864836,0.579840866620294,"SLC12A3",1
"GO:0030021","extracellular matrix structural constituent conferring compression resistance","1/177","22/18639",0.0454545454545455,4.78659476117103,1.74001196353061,0.189443299110234,0.581170776864836,0.579840866620294,"HSPG2",1
"GO:0032931","histone H3K56 acetyltransferase activity","1/177","22/18639",0.0454545454545455,4.78659476117103,1.74001196353061,0.189443299110234,0.581170776864836,0.579840866620294,"KAT2A",1
"GO:0033038","bitter taste receptor activity","1/177","22/18639",0.0454545454545455,4.78659476117103,1.74001196353061,0.189443299110234,0.581170776864836,0.579840866620294,"TAS2R14",1
"GO:0033691","sialic acid binding","1/177","22/18639",0.0454545454545455,4.78659476117103,1.74001196353061,0.189443299110234,0.581170776864836,0.579840866620294,"SELL",1
"GO:0043992","histone H3K9 acetyltransferase activity","1/177","22/18639",0.0454545454545455,4.78659476117103,1.74001196353061,0.189443299110234,0.581170776864836,0.579840866620294,"KAT2A",1
"GO:0043993","histone H3K18 acetyltransferase activity","1/177","22/18639",0.0454545454545455,4.78659476117103,1.74001196353061,0.189443299110234,0.581170776864836,0.579840866620294,"KAT2A",1
"GO:0043994","histone H3K23 acetyltransferase activity","1/177","22/18639",0.0454545454545455,4.78659476117103,1.74001196353061,0.189443299110234,0.581170776864836,0.579840866620294,"KAT2A",1
"GO:0043999","histone H2AK5 acetyltransferase activity","1/177","22/18639",0.0454545454545455,4.78659476117103,1.74001196353061,0.189443299110234,0.581170776864836,0.579840866620294,"KAT2A",1
"GO:0044012","histone H2AK9 acetyltransferase activity","1/177","22/18639",0.0454545454545455,4.78659476117103,1.74001196353061,0.189443299110234,0.581170776864836,0.579840866620294,"KAT2A",1
"GO:0044014","histone H2BK5 acetyltransferase activity","1/177","22/18639",0.0454545454545455,4.78659476117103,1.74001196353061,0.189443299110234,0.581170776864836,0.579840866620294,"KAT2A",1
"GO:0044015","histone H2BK12 acetyltransferase activity","1/177","22/18639",0.0454545454545455,4.78659476117103,1.74001196353061,0.189443299110234,0.581170776864836,0.579840866620294,"KAT2A",1
"GO:0044016","histone H3K4 acetyltransferase activity","1/177","22/18639",0.0454545454545455,4.78659476117103,1.74001196353061,0.189443299110234,0.581170776864836,0.579840866620294,"KAT2A",1
"GO:0044017","histone H3K27 acetyltransferase activity","1/177","22/18639",0.0454545454545455,4.78659476117103,1.74001196353061,0.189443299110234,0.581170776864836,0.579840866620294,"KAT2A",1
"GO:0044018","histone H3K36 acetyltransferase activity","1/177","22/18639",0.0454545454545455,4.78659476117103,1.74001196353061,0.189443299110234,0.581170776864836,0.579840866620294,"KAT2A",1
"GO:0046972","histone H4K16 acetyltransferase activity","1/177","22/18639",0.0454545454545455,4.78659476117103,1.74001196353061,0.189443299110234,0.581170776864836,0.579840866620294,"KAT2A",1
"GO:0050321","tau-protein kinase activity","1/177","22/18639",0.0454545454545455,4.78659476117103,1.74001196353061,0.189443299110234,0.581170776864836,0.579840866620294,"BRSK2",1
"GO:0061133","endopeptidase activator activity","1/177","22/18639",0.0454545454545455,4.78659476117103,1.74001196353061,0.189443299110234,0.581170776864836,0.579840866620294,"PSME2",1
"GO:0140035","ubiquitin-like protein reader activity","1/177","22/18639",0.0454545454545455,4.78659476117103,1.74001196353061,0.189443299110234,0.581170776864836,0.579840866620294,"BRCA1",1
"GO:0140908","histone H3K122 acetyltransferase activity","1/177","22/18639",0.0454545454545455,4.78659476117103,1.74001196353061,0.189443299110234,0.581170776864836,0.579840866620294,"KAT2A",1
"GO:0051117","ATPase binding","2/177","84/18639",0.0238095238095238,2.50726392251816,1.35564314195976,0.189850564286899,0.581170776864836,0.579840866620294,"NKAIN1/BRSK2",2
"GO:0004022","alcohol dehydrogenase (NAD+) activity","1/177","23/18639",0.0434782608695652,4.57848194546794,1.68138232159034,0.197149617854258,0.581170776864836,0.579840866620294,"RDH12",1
"GO:0004602","glutathione peroxidase activity","1/177","23/18639",0.0434782608695652,4.57848194546794,1.68138232159034,0.197149617854258,0.581170776864836,0.579840866620294,"GPX2",1
"GO:0044013","histone H2B acetyltransferase activity","1/177","23/18639",0.0434782608695652,4.57848194546794,1.68138232159034,0.197149617854258,0.581170776864836,0.579840866620294,"KAT2A",1
"GO:0047555","3',5'-cyclic-GMP phosphodiesterase activity","1/177","23/18639",0.0434782608695652,4.57848194546794,1.68138232159034,0.197149617854258,0.581170776864836,0.579840866620294,"PDE4C",1
"GO:0004114","3',5'-cyclic-nucleotide phosphodiesterase activity","1/177","24/18639",0.0416666666666667,4.38771186440678,1.62602597609083,0.204783079265936,0.581170776864836,0.579840866620294,"PDE4C",1
"GO:0004115","3',5'-cyclic-AMP phosphodiesterase activity","1/177","24/18639",0.0416666666666667,4.38771186440678,1.62602597609083,0.204783079265936,0.581170776864836,0.579840866620294,"PDE4C",1
"GO:0030215","semaphorin receptor binding","1/177","24/18639",0.0416666666666667,4.38771186440678,1.62602597609083,0.204783079265936,0.581170776864836,0.579840866620294,"SEMA6B",1
"GO:0042625","ATPase-coupled ion transmembrane transporter activity","1/177","24/18639",0.0416666666666667,4.38771186440678,1.62602597609083,0.204783079265936,0.581170776864836,0.579840866620294,"ATP6V1D",1
"GO:0043998","histone H2A acetyltransferase activity","1/177","24/18639",0.0416666666666667,4.38771186440678,1.62602597609083,0.204783079265936,0.581170776864836,0.579840866620294,"KAT2A",1
"GO:0044769","ATPase activity, coupled to transmembrane movement of ions, rotational mechanism","1/177","24/18639",0.0416666666666667,4.38771186440678,1.62602597609083,0.204783079265936,0.581170776864836,0.579840866620294,"ATP6V1D",1
"GO:0046961","proton-transporting ATPase activity, rotational mechanism","1/177","24/18639",0.0416666666666667,4.38771186440678,1.62602597609083,0.204783079265936,0.581170776864836,0.579840866620294,"ATP6V1D",1
"GO:0050699","WW domain binding","1/177","24/18639",0.0416666666666667,4.38771186440678,1.62602597609083,0.204783079265936,0.581170776864836,0.579840866620294,"KIF20B",1
"GO:0070840","dynein complex binding","1/177","24/18639",0.0416666666666667,4.38771186440678,1.62602597609083,0.204783079265936,0.581170776864836,0.579840866620294,"ATMIN",1
"GO:0003727","single-stranded RNA binding","2/177","89/18639",0.0224719101123595,2.36640639878118,1.26517280174841,0.207109642121521,0.581170776864836,0.579840866620294,"DDX11/PTBP1",2
"GO:0015296","monoatomic anion:monoatomic cation symporter activity","1/177","25/18639",0.04,4.21220338983051,1.5736208426243,0.212344368278557,0.581170776864836,0.579840866620294,"SLC12A3",1
"GO:0017056","structural constituent of nuclear pore","1/177","25/18639",0.04,4.21220338983051,1.5736208426243,0.212344368278557,0.581170776864836,0.579840866620294,"NUP62",1
"GO:0042974","nuclear retinoic acid receptor binding","1/177","25/18639",0.04,4.21220338983051,1.5736208426243,0.212344368278557,0.581170776864836,0.579840866620294,"MED25",1
"GO:0070530","K63-linked polyubiquitin modification-dependent protein binding","1/177","25/18639",0.04,4.21220338983051,1.5736208426243,0.212344368278557,0.581170776864836,0.579840866620294,"SPRTN",1
"GO:0004112","cyclic-nucleotide phosphodiesterase activity","1/177","26/18639",0.0384615384615385,4.05019556714472,1.5238881237931,0.219834163422786,0.581170776864836,0.579840866620294,"PDE4C",1
"GO:0005160","transforming growth factor beta receptor binding","1/177","26/18639",0.0384615384615385,4.05019556714472,1.5238881237931,0.219834163422786,0.581170776864836,0.579840866620294,"SMAD3",1
"GO:0015216","purine nucleotide transmembrane transporter activity","1/177","26/18639",0.0384615384615385,4.05019556714472,1.5238881237931,0.219834163422786,0.581170776864836,0.579840866620294,"ABCC11",1
"GO:0030247","polysaccharide binding","1/177","26/18639",0.0384615384615385,4.05019556714472,1.5238881237931,0.219834163422786,0.581170776864836,0.579840866620294,"CLEC18C",1
"GO:0030507","spectrin binding","1/177","26/18639",0.0384615384615385,4.05019556714472,1.5238881237931,0.219834163422786,0.581170776864836,0.579840866620294,"EPB41",1
"GO:0043548","phosphatidylinositol 3-kinase binding","1/177","26/18639",0.0384615384615385,4.05019556714472,1.5238881237931,0.219834163422786,0.581170776864836,0.579840866620294,"HCST",1
"GO:0050750","low-density lipoprotein particle receptor binding","1/177","26/18639",0.0384615384615385,4.05019556714472,1.5238881237931,0.219834163422786,0.581170776864836,0.579840866620294,"HSPG2",1
"GO:0070412","R-SMAD binding","1/177","26/18639",0.0384615384615385,4.05019556714472,1.5238881237931,0.219834163422786,0.581170776864836,0.579840866620294,"SMAD3",1
"GO:0120014","phospholipid transfer activity","1/177","26/18639",0.0384615384615385,4.05019556714472,1.5238881237931,0.219834163422786,0.581170776864836,0.579840866620294,"GLTPD2",1
"GO:0016410","N-acyltransferase activity","2/177","94/18639",0.0212765957446809,2.24053371799495,1.18060874153128,0.224527027217487,0.584603098832176,0.583265334303956,"KAT2A/CERS1",2
"GO:0008320","protein transmembrane transporter activity","1/177","27/18639",0.037037037037037,3.90018832391714,1.47658507198519,0.227253136886181,0.584603098832176,0.583265334303956,"TOMM40",1
"GO:0034593","phosphatidylinositol bisphosphate phosphatase activity","1/177","27/18639",0.037037037037037,3.90018832391714,1.47658507198519,0.227253136886181,0.584603098832176,0.583265334303956,"INPP4A",1
"GO:0004896","cytokine receptor activity","2/177","96/18639",0.0208333333333333,2.19385593220339,1.14827114800346,0.231526538319073,0.584603098832176,0.583265334303956,"IL15RA/IL10RA",2
"GO:0008527","taste receptor activity","1/177","28/18639",0.0357142857142857,3.76089588377724,1.43149918114649,0.234601954572144,0.584603098832176,0.583265334303956,"TAS2R14",1
"GO:0036408","histone H3K14 acetyltransferase activity","1/177","28/18639",0.0357142857142857,3.76089588377724,1.43149918114649,0.234601954572144,0.584603098832176,0.583265334303956,"KAT2A",1
"GO:0045499","chemorepellent activity","1/177","28/18639",0.0357142857142857,3.76089588377724,1.43149918114649,0.234601954572144,0.584603098832176,0.583265334303956,"SEMA6B",1
"GO:0030594","neurotransmitter receptor activity","2/177","97/18639",0.0206185567010309,2.17123886073738,1.13240027409308,0.235031683969636,0.584603098832176,0.583265334303956,"ADRB1/CHRNB1",2
"GO:0042626","ATPase-coupled transmembrane transporter activity","2/177","98/18639",0.0204081632653061,2.14908336215842,1.11672158563806,0.238539915274409,0.584603098832176,0.583265334303956,"ATP6V1D/ABCC11",2
"GO:0004693","cyclin-dependent protein serine/threonine kinase activity","1/177","29/18639",0.0344827586206897,3.6312098188194,1.38844348527004,0.241881276158342,0.584603098832176,0.583265334303956,"CDK11A",1
"GO:0010484","histone H3 acetyltransferase activity","1/177","29/18639",0.0344827586206897,3.6312098188194,1.38844348527004,0.241881276158342,0.584603098832176,0.583265334303956,"KAT2A",1
"GO:0051861","glycolipid binding","1/177","29/18639",0.0344827586206897,3.6312098188194,1.38844348527004,0.241881276158342,0.584603098832176,0.583265334303956,"SELL",1
"GO:0097472","cyclin-dependent protein kinase activity","1/177","29/18639",0.0344827586206897,3.6312098188194,1.38844348527004,0.241881276158342,0.584603098832176,0.583265334303956,"CDK11A",1
"GO:0106222","lncRNA binding","1/177","29/18639",0.0344827586206897,3.6312098188194,1.38844348527004,0.241881276158342,0.584603098832176,0.583265334303956,"STAT3",1
"GO:0008106","alcohol dehydrogenase (NADP+) activity","1/177","30/18639",0.0333333333333333,3.51016949152542,1.34725272243353,0.249091755154579,0.584603098832176,0.583265334303956,"RDH12",1
"GO:0008187","poly-pyrimidine tract binding","1/177","30/18639",0.0333333333333333,3.51016949152542,1.34725272243353,0.249091755154579,0.584603098832176,0.583265334303956,"PTBP1",1
"GO:0015215","nucleotide transmembrane transporter activity","1/177","30/18639",0.0333333333333333,3.51016949152542,1.34725272243353,0.249091755154579,0.584603098832176,0.583265334303956,"ABCC11",1
"GO:0035925","mRNA 3'-UTR AU-rich region binding","1/177","30/18639",0.0333333333333333,3.51016949152542,1.34725272243353,0.249091755154579,0.584603098832176,0.583265334303956,"ZFP36L2",1
"GO:0043995","histone H4K5 acetyltransferase activity","1/177","30/18639",0.0333333333333333,3.51016949152542,1.34725272243353,0.249091755154579,0.584603098832176,0.583265334303956,"KAT2A",1
"GO:0043996","histone H4K8 acetyltransferase activity","1/177","30/18639",0.0333333333333333,3.51016949152542,1.34725272243353,0.249091755154579,0.584603098832176,0.583265334303956,"KAT2A",1
"GO:0043997","histone H4K12 acetyltransferase activity","1/177","30/18639",0.0333333333333333,3.51016949152542,1.34725272243353,0.249091755154579,0.584603098832176,0.583265334303956,"KAT2A",1
"GO:0051721","protein phosphatase 2A binding","1/177","30/18639",0.0333333333333333,3.51016949152542,1.34725272243353,0.249091755154579,0.584603098832176,0.583265334303956,"STRN",1
"GO:0008237","metallopeptidase activity","3/177","184/18639",0.016304347826087,1.71693072955048,0.956920803135207,0.254638706116935,0.585676229777267,0.584336009571827,"ZMPSTE24/SPRTN/ADAMTS7",3
"GO:0005184","neuropeptide hormone activity","1/177","31/18639",0.032258064516129,3.39693821760525,1.30778018193201,0.256234038960138,0.585676229777267,0.584336009571827,"PPY",1
"GO:0017147","Wnt-protein binding","1/177","31/18639",0.032258064516129,3.39693821760525,1.30778018193201,0.256234038960138,0.585676229777267,0.584336009571827,"ROR1",1
"GO:0070325","lipoprotein particle receptor binding","1/177","31/18639",0.032258064516129,3.39693821760525,1.30778018193201,0.256234038960138,0.585676229777267,0.584336009571827,"HSPG2",1
"GO:0005096","GTPase activator activity","4/177","271/18639",0.014760147601476,1.5543185940334,0.900036392843887,0.257094274873682,0.585676229777267,0.584336009571827,"ARHGAP22/VPS9D1/TBC1D3D/SOS1",4
"GO:0015078","proton transmembrane transporter activity","3/177","185/18639",0.0162162162162162,1.70765002290426,0.94712226181779,0.25718825742393,0.585676229777267,0.584336009571827,"ATP6V1D/NDUFS7/COX7A2L",3
"GO:0022884","macromolecule transmembrane transporter activity","1/177","32/18639",0.03125,3.29078389830508,1.26989509506948,0.263308768920588,0.587971037395488,0.586625565914034,"TOMM40",1
"GO:0043425","bHLH transcription factor binding","1/177","32/18639",0.03125,3.29078389830508,1.26989509506948,0.263308768920588,0.587971037395488,0.586625565914034,"SMAD3",1
"GO:0051059","NF-kappaB binding","1/177","32/18639",0.03125,3.29078389830508,1.26989509506948,0.263308768920588,0.587971037395488,0.586625565914034,"ANXA4",1
"GO:0160041","neuropeptide activity","1/177","32/18639",0.03125,3.29078389830508,1.26989509506948,0.263308768920588,0.587971037395488,0.586625565914034,"PPY",1
"GO:0008013","beta-catenin binding","2/177","106/18639",0.0188679245283019,1.98688839142949,0.997688632141248,0.266673563130318,0.592607918067372,0.591251835874999,"SMAD3/AXIN2",2
"GO:0022804","active transmembrane transporter activity","6/177","457/18639",0.0131291028446389,1.38256128769054,0.810746733325388,0.268026589426481,0.59275111123164,0.591394701366122,"ATP6V1D/SLC24A5/ABCC11/SLC12A3/NDUFS7/COX7A2L",6
"GO:0052866","phosphatidylinositol phosphate phosphatase activity","1/177","34/18639",0.0294117647058824,3.09720837487537,1.19843123117857,0.277258102757071,0.610233144824176,0.608836730305128,"INPP4A",1
"GO:0005154","epidermal growth factor receptor binding","1/177","35/18639",0.0285714285714286,3.00871670702179,1.16465276490153,0.284133959559651,0.616517082063394,0.615106287825263,"SOS1",1
"GO:0010485","histone H4 acetyltransferase activity","1/177","35/18639",0.0285714285714286,3.00871670702179,1.16465276490153,0.284133959559651,0.616517082063394,0.615106287825263,"KAT2A",1
"GO:0140566","histone reader activity","1/177","35/18639",0.0285714285714286,3.00871670702179,1.16465276490153,0.284133959559651,0.616517082063394,0.615106287825263,"BRCA1",1
"GO:0043022","ribosome binding","2/177","112/18639",0.0178571428571429,1.88044794188862,0.915075771650286,0.287782497272637,0.619107378775646,0.617690657085084,"NDUFAB1/UNK",2
"GO:0016758","hexosyltransferase activity","3/177","197/18639",0.0152284263959391,1.60363073216898,0.833964108778185,0.288019519691279,0.619107378775646,0.617690657085084,"COLGALT2/FUT8/B3GNT3",3
"GO:0004033","aldo-keto reductase (NADPH) activity","1/177","36/18639",0.0277777777777778,2.92514124293785,1.1320595403799,0.290944768480203,0.619604599541174,0.618186740045656,"RDH12",1
"GO:0005231","excitatory extracellular ligand-gated monoatomic ion channel activity","1/177","36/18639",0.0277777777777778,2.92514124293785,1.1320595403799,0.290944768480203,0.619604599541174,0.618186740045656,"CHRNB1",1
"GO:0017124","SH3 domain binding","2/177","115/18639",0.0173913043478261,1.83139277818718,0.87565835400393,0.298316194965648,0.631368885914219,0.629924105854919,"FUT8/SOS1",2
"GO:0042162","telomeric DNA binding","1/177","38/18639",0.0263157894736842,2.77118644067797,1.0701258235878,0.304373684595298,0.631368885914219,0.629924105854919,"RPA2",1
"GO:0016776","phosphotransferase activity, phosphate group as acceptor","1/177","39/18639",0.0256410256410256,2.70013037809648,1.04065068016496,0.310992998493832,0.631368885914219,0.629924105854919,"AK4",1
"GO:0030331","nuclear estrogen receptor binding","1/177","40/18639",0.025,2.63262711864407,1.01208996328468,0.317549678024294,0.631368885914219,0.629924105854919,"STRN",1
"GO:0071855","neuropeptide receptor binding","1/177","40/18639",0.025,2.63262711864407,1.01208996328468,0.317549678024294,0.631368885914219,0.629924105854919,"PPY",1
"GO:0030695","GTPase regulator activity","6/177","489/18639",0.0122699386503067,1.29208692939586,0.64087768741602,0.320626530751438,0.631368885914219,0.629924105854919,"ARHGAP22/RHOF/DENND4A/VPS9D1/TBC1D3D/SOS1",6
"GO:0060589","nucleoside-triphosphatase regulator activity","6/177","490/18639",0.0122448979591837,1.28945001729505,0.635758511371819,0.322298702878829,0.631368885914219,0.629924105854919,"ARHGAP22/RHOF/DENND4A/VPS9D1/TBC1D3D/SOS1",6
"GO:0008137","NADH dehydrogenase (ubiquinone) activity","1/177","41/18639",0.024390243902439,2.56841670111616,0.984389966424113,0.324044312520219,0.631368885914219,0.629924105854919,"NDUFS7",1
"GO:0008227","G protein-coupled amine receptor activity","1/177","41/18639",0.024390243902439,2.56841670111616,0.984389966424113,0.324044312520219,0.631368885914219,0.629924105854919,"ADRB1",1
"GO:0042169","SH2 domain binding","1/177","41/18639",0.024390243902439,2.56841670111616,0.984389966424113,0.324044312520219,0.631368885914219,0.629924105854919,"NUP62",1
"GO:0140318","protein transporter activity","1/177","41/18639",0.024390243902439,2.56841670111616,0.984389966424113,0.324044312520219,0.631368885914219,0.629924105854919,"TOMM40",1
"GO:0140828","metal cation:monoatomic cation antiporter activity","1/177","41/18639",0.024390243902439,2.56841670111616,0.984389966424113,0.324044312520219,0.631368885914219,0.629924105854919,"SLC24A5",1
"GO:0004402","histone acetyltransferase activity","1/177","42/18639",0.0238095238095238,2.50726392251816,0.957501399336048,0.330477485801428,0.631368885914219,0.629924105854919,"KAT2A",1
"GO:0051879","Hsp90 protein binding","1/177","42/18639",0.0238095238095238,2.50726392251816,0.957501399336048,0.330477485801428,0.631368885914219,0.629924105854919,"NUP62",1
"GO:0005543","phospholipid binding","6/177","497/18639",0.0120724346076459,1.27128874944583,0.600225317804812,0.334038947146688,0.631368885914219,0.629924105854919,"EPB41/ZFYVE26/GLTPD2/NUP62/ANXA4/MITD1",6
"GO:0008375","acetylglucosaminyltransferase activity","1/177","43/18639",0.0232558139534884,2.44895545920378,0.931378928185497,0.336849776225321,0.631368885914219,0.629924105854919,"B3GNT3",1
"GO:0048156","tau protein binding","1/177","43/18639",0.0232558139534884,2.44895545920378,0.931378928185497,0.336849776225321,0.631368885914219,0.629924105854919,"BRSK2",1
"GO:0042826","histone deacetylase binding","2/177","127/18639",0.015748031496063,1.65834779127185,0.728916004750092,0.340143825985571,0.631368885914219,0.629924105854919,"KAT2A/NACC1",2
"GO:0003954","NADH dehydrogenase activity","1/177","44/18639",0.0227272727272727,2.39329738058552,0.905980773100544,0.343161756737696,0.631368885914219,0.629924105854919,"NDUFS7",1
"GO:0001653","peptide receptor activity","2/177","128/18639",0.015625,1.64539194915254,0.71739856154873,0.343598967161983,0.631368885914219,0.629924105854919,"GPR37L1/GUCY2C",2
"GO:0035591","signaling adaptor activity","2/177","129/18639",0.0155038759689922,1.63263697280252,0.705981188199665,0.347048392629016,0.631368885914219,0.629924105854919,"STAT3/NUP62",2
"GO:0016712","oxidoreductase activity, acting on paired donors, with incorporation or reduction of molecular oxygen, reduced flavin or flavoprotein as one donor, and incorporation of one atom of oxygen","1/177","46/18639",0.0217391304347826,2.28924097273397,0.857205983615282,0.355607053054672,0.631368885914219,0.629924105854919,"CYP2A6",1
"GO:0030276","clathrin binding","1/177","46/18639",0.0217391304347826,2.28924097273397,0.857205983615282,0.355607053054672,0.631368885914219,0.629924105854919,"AFTPH",1
"GO:0005504","fatty acid binding","1/177","47/18639",0.0212765957446809,2.24053371799495,0.833760584288187,0.361741488143647,0.631368885914219,0.629924105854919,"NDUFAB1",1
"GO:0061733","protein-lysine-acetyltransferase activity","1/177","47/18639",0.0212765957446809,2.24053371799495,0.833760584288187,0.361741488143647,0.631368885914219,0.629924105854919,"KAT2A",1
"GO:0061749","forked DNA-dependent helicase activity","1/177","47/18639",0.0212765957446809,2.24053371799495,0.833760584288187,0.361741488143647,0.631368885914219,0.629924105854919,"DDX11",1
"GO:0140359","ABC-type transporter activity","1/177","47/18639",0.0212765957446809,2.24053371799495,0.833760584288187,0.361741488143647,0.631368885914219,0.629924105854919,"ABCC11",1
"GO:1990518","single-stranded 3'-5' DNA helicase activity","1/177","47/18639",0.0212765957446809,2.24053371799495,0.833760584288187,0.361741488143647,0.631368885914219,0.629924105854919,"DDX11",1
"GO:0016887","ATP hydrolysis activity","5/177","417/18639",0.0119904076738609,1.26265089623217,0.531123853926035,0.36317590496427,0.631368885914219,0.629924105854919,"KIF20B/DDX10/DDX11/ABCC11/COQ8B",5
"GO:0009378","four-way junction helicase activity","1/177","48/18639",0.0208333333333333,2.19385593220339,0.810901452930894,0.367817851988235,0.631368885914219,0.629924105854919,"DDX11",1
"GO:0016538","cyclin-dependent protein serine/threonine kinase regulator activity","1/177","48/18639",0.0208333333333333,2.19385593220339,0.810901452930894,0.367817851988235,0.631368885914219,0.629924105854919,"CCNP",1
"GO:0032266","phosphatidylinositol-3-phosphate binding","1/177","48/18639",0.0208333333333333,2.19385593220339,0.810901452930894,0.367817851988235,0.631368885914219,0.629924105854919,"ZFYVE26",1
"GO:0036121","double-stranded DNA helicase activity","1/177","48/18639",0.0208333333333333,2.19385593220339,0.810901452930894,0.367817851988235,0.631368885914219,0.629924105854919,"DDX11",1
"GO:0043138","3'-5' DNA helicase activity","1/177","48/18639",0.0208333333333333,2.19385593220339,0.810901452930894,0.367817851988235,0.631368885914219,0.629924105854919,"DDX11",1
"GO:0140693","molecular condensate scaffold activity","1/177","48/18639",0.0208333333333333,2.19385593220339,0.810901452930894,0.367817851988235,0.631368885914219,0.629924105854919,"SOS1",1
"GO:0000287","magnesium ion binding","3/177","230/18639",0.0130434782608696,1.37354458364038,0.558133610493973,0.3735527376176,0.631368885914219,0.629924105854919,"BRSK2/ILK/IDH2",3
"GO:0060590","ATPase regulator activity","1/177","49/18639",0.0204081632653061,2.14908336215842,0.788600040674206,0.37383669122217,0.631368885914219,0.629924105854919,"BRSK2",1
"GO:0015605","organophosphate ester transmembrane transporter activity","1/177","50/18639",0.02,2.10610169491525,0.766829761247445,0.379798547362766,0.631368885914219,0.629924105854919,"ABCC11",1
"GO:0030544","Hsp70 protein binding","1/177","51/18639",0.0196078431372549,2.06480558325025,0.745565819208822,0.385703956858531,0.631368885914219,0.629924105854919,"NUP62",1
"GO:0018455","alcohol dehydrogenase [NAD(P)+] activity","1/177","52/18639",0.0192307692307692,2.02509778357236,0.724785056279815,0.391553451136347,0.631368885914219,0.629924105854919,"RDH12",1
"GO:0030159","signaling receptor complex adaptor activity","1/177","52/18639",0.0192307692307692,2.02509778357236,0.724785056279815,0.391553451136347,0.631368885914219,0.629924105854919,"NUP62",1
"GO:0004674","protein serine/threonine kinase activity","5/177","433/18639",0.0115473441108545,1.21599405018202,0.445271994261231,0.393337493285975,0.631368885914219,0.629924105854919,"CDK11A/BRSK2/CHEK1/PDK2/MAP4K3",5
"GO:0004864","protein phosphatase inhibitor activity","1/177","53/18639",0.0188679245283019,1.98688839142949,0.704465813565564,0.397347556648203,0.631368885914219,0.629924105854919,"PPP1R37",1
"GO:0005544","calcium-dependent phospholipid binding","1/177","53/18639",0.0188679245283019,1.98688839142949,0.704465813565564,0.397347556648203,0.631368885914219,0.629924105854919,"ANXA4",1
"GO:0016860","intramolecular oxidoreductase activity","1/177","53/18639",0.0188679245283019,1.98688839142949,0.704465813565564,0.397347556648203,0.631368885914219,0.629924105854919,"PDIA2",1
"GO:0034212","protein N-acetyltransferase activity","1/177","53/18639",0.0188679245283019,1.98688839142949,0.704465813565564,0.397347556648203,0.631368885914219,0.629924105854919,"KAT2A",1
"GO:1904315","transmitter-gated monoatomic ion channel activity involved in regulation of postsynaptic membrane potential","1/177","53/18639",0.0188679245283019,1.98688839142949,0.704465813565564,0.397347556648203,0.631368885914219,0.629924105854919,"CHRNB1",1
"GO:0008194","UDP-glycosyltransferase activity","2/177","145/18639",0.0137931034482759,1.45248392752776,0.53557296399214,0.401309298038874,0.631368885914219,0.629924105854919,"COLGALT2/B3GNT3",2
"GO:0017069","snRNA binding","1/177","54/18639",0.0185185185185185,1.95009416195857,0.684587807751503,0.403086794917506,0.631368885914219,0.629924105854919,"COIL",1
"GO:0019829","ATPase-coupled monoatomic cation transmembrane transporter activity","1/177","54/18639",0.0185185185185185,1.95009416195857,0.684587807751503,0.403086794917506,0.631368885914219,0.629924105854919,"ATP6V1D",1
"GO:0051287","NAD binding","1/177","54/18639",0.0185185185185185,1.95009416195857,0.684587807751503,0.403086794917506,0.631368885914219,0.629924105854919,"IDH2",1
"GO:0140463","chromatin-protein adaptor activity","1/177","54/18639",0.0185185185185185,1.95009416195857,0.684587807751503,0.403086794917506,0.631368885914219,0.629924105854919,"BRCA1",1
"GO:0015293","symporter activity","2/177","146/18639",0.0136986301369863,1.4425354074762,0.525614915934515,0.404633908353792,0.631368885914219,0.629924105854919,"SLC24A5/SLC12A3",2
"GO:0004694","eukaryotic translation initiation factor 2alpha kinase activity","3/177","243/18639",0.0123456790123457,1.30006277463905,0.460999517375632,0.406877528273553,0.631368885914219,0.629924105854919,"BRSK2/CHEK1/MAP4K3",3
"GO:0098632","cell-cell adhesion mediator activity","1/177","55/18639",0.0181818181818182,1.91463790446841,0.665132019626924,0.408771682584959,0.631368885914219,0.629924105854919,"EPCAM",1
"GO:0140313","molecular sequestering activity","1/177","55/18639",0.0181818181818182,1.91463790446841,0.665132019626924,0.408771682584959,0.631368885914219,0.629924105854919,"STAT3",1
"GO:0004676","3-phosphoinositide-dependent protein kinase activity","3/177","245/18639",0.0122448979591837,1.28945001729505,0.446545219650796,0.411961940338752,0.631368885914219,0.629924105854919,"BRSK2/CHEK1/MAP4K3",3
"GO:0004711","ribosomal protein S6 kinase activity","3/177","245/18639",0.0122448979591837,1.28945001729505,0.446545219650796,0.411961940338752,0.631368885914219,0.629924105854919,"BRSK2/CHEK1/MAP4K3",3
"GO:0035175","histone H3S10 kinase activity","3/177","245/18639",0.0122448979591837,1.28945001729505,0.446545219650796,0.411961940338752,0.631368885914219,0.629924105854919,"BRSK2/CHEK1/MAP4K3",3
"GO:0035979","histone H2AXS139 kinase activity","3/177","245/18639",0.0122448979591837,1.28945001729505,0.446545219650796,0.411961940338752,0.631368885914219,0.629924105854919,"BRSK2/CHEK1/MAP4K3",3
"GO:0044022","histone H3S28 kinase activity","3/177","245/18639",0.0122448979591837,1.28945001729505,0.446545219650796,0.411961940338752,0.631368885914219,0.629924105854919,"BRSK2/CHEK1/MAP4K3",3
"GO:0044023","histone H4S1 kinase activity","3/177","245/18639",0.0122448979591837,1.28945001729505,0.446545219650796,0.411961940338752,0.631368885914219,0.629924105854919,"BRSK2/CHEK1/MAP4K3",3
"GO:0044024","histone H2AS1 kinase activity","3/177","245/18639",0.0122448979591837,1.28945001729505,0.446545219650796,0.411961940338752,0.631368885914219,0.629924105854919,"BRSK2/CHEK1/MAP4K3",3
"GO:0044025","histone H2BS14 kinase activity","3/177","245/18639",0.0122448979591837,1.28945001729505,0.446545219650796,0.411961940338752,0.631368885914219,0.629924105854919,"BRSK2/CHEK1/MAP4K3",3
"GO:0072354","histone H3T3 kinase activity","3/177","245/18639",0.0122448979591837,1.28945001729505,0.446545219650796,0.411961940338752,0.631368885914219,0.629924105854919,"BRSK2/CHEK1/MAP4K3",3
"GO:0072371","histone H2AS121 kinase activity","3/177","245/18639",0.0122448979591837,1.28945001729505,0.446545219650796,0.411961940338752,0.631368885914219,0.629924105854919,"BRSK2/CHEK1/MAP4K3",3
"GO:0072518","Rho-dependent protein serine/threonine kinase activity","3/177","245/18639",0.0122448979591837,1.28945001729505,0.446545219650796,0.411961940338752,0.631368885914219,0.629924105854919,"BRSK2/CHEK1/MAP4K3",3
"GO:0140823","histone H2BS36 kinase activity","3/177","245/18639",0.0122448979591837,1.28945001729505,0.446545219650796,0.411961940338752,0.631368885914219,0.629924105854919,"BRSK2/CHEK1/MAP4K3",3
"GO:0140855","histone H3S57 kinase activity","3/177","245/18639",0.0122448979591837,1.28945001729505,0.446545219650796,0.411961940338752,0.631368885914219,0.629924105854919,"BRSK2/CHEK1/MAP4K3",3
"GO:0140995","histone H2A kinase activity","3/177","245/18639",0.0122448979591837,1.28945001729505,0.446545219650796,0.411961940338752,0.631368885914219,0.629924105854919,"BRSK2/CHEK1/MAP4K3",3
"GO:0140997","histone H4 kinase activity","3/177","245/18639",0.0122448979591837,1.28945001729505,0.446545219650796,0.411961940338752,0.631368885914219,0.629924105854919,"BRSK2/CHEK1/MAP4K3",3
"GO:0140998","histone H2B kinase activity","3/177","245/18639",0.0122448979591837,1.28945001729505,0.446545219650796,0.411961940338752,0.631368885914219,0.629924105854919,"BRSK2/CHEK1/MAP4K3",3
"GO:1990244","histone H2AT120 kinase activity","3/177","245/18639",0.0122448979591837,1.28945001729505,0.446545219650796,0.411961940338752,0.631368885914219,0.629924105854919,"BRSK2/CHEK1/MAP4K3",3
"GO:0019212","phosphatase inhibitor activity","1/177","56/18639",0.0178571428571429,1.88044794188862,0.646080593507071,0.414402731454011,0.631368885914219,0.629924105854919,"PPP1R37",1
"GO:0170055","lipid transmembrane transporter activity","1/177","56/18639",0.0178571428571429,1.88044794188862,0.646080593507071,0.414402731454011,0.631368885914219,0.629924105854919,"ABCC11",1
"GO:0004677","DNA-dependent protein kinase activity","3/177","246/18639",0.0121951219512195,1.28420835055808,0.439364552789956,0.414499206902305,0.631368885914219,0.629924105854919,"BRSK2/CHEK1/MAP4K3",3
"GO:0140857","histone H3T45 kinase activity","3/177","246/18639",0.0121951219512195,1.28420835055808,0.439364552789956,0.414499206902305,0.631368885914219,0.629924105854919,"BRSK2/CHEK1/MAP4K3",3
"GO:0035402","histone H3T11 kinase activity","3/177","247/18639",0.0121457489878543,1.27900912646675,0.432214487950343,0.417033071140183,0.631368885914219,0.629924105854919,"BRSK2/CHEK1/MAP4K3",3
"GO:0035403","histone H3T6 kinase activity","3/177","247/18639",0.0121457489878543,1.27900912646675,0.432214487950343,0.417033071140183,0.631368885914219,0.629924105854919,"BRSK2/CHEK1/MAP4K3",3
"GO:0004679","AMP-activated protein kinase activity","3/177","248/18639",0.0120967741935484,1.27385183160197,0.425094740568019,0.419563452329732,0.631368885914219,0.629924105854919,"BRSK2/CHEK1/MAP4K3",3
"GO:0004601","peroxidase activity","1/177","57/18639",0.0175438596491228,1.84745762711864,0.627416746313299,0.419980448535894,0.631368885914219,0.629924105854919,"GPX2",1
"GO:0015932","nucleobase-containing compound transmembrane transporter activity","1/177","57/18639",0.0175438596491228,1.84745762711864,0.627416746313299,0.419980448535894,0.631368885914219,0.629924105854919,"ABCC11",1
"GO:0016504","peptidase activator activity","1/177","57/18639",0.0175438596491228,1.84745762711864,0.627416746313299,0.419980448535894,0.631368885914219,0.629924105854919,"PSME2",1
"GO:0000510","H3-H4 histone complex chaperone activity","2/177","151/18639",0.0132450331125828,1.39476933438096,0.476907146422133,0.421123089318138,0.631368885914219,0.629924105854919,"DDX10/DDX11",2
"GO:0140584","chromatin extrusion motor activity","2/177","151/18639",0.0132450331125828,1.39476933438096,0.476907146422133,0.421123089318138,0.631368885914219,0.629924105854919,"DDX10/DDX11",2
"GO:0140665","ATP-dependent H3-H4 histone complex chaperone activity","2/177","151/18639",0.0132450331125828,1.39476933438096,0.476907146422133,0.421123089318138,0.631368885914219,0.629924105854919,"DDX10/DDX11",2
"GO:0140849","ATP-dependent H2AZ histone chaperone activity","2/177","151/18639",0.0132450331125828,1.39476933438096,0.476907146422133,0.421123089318138,0.631368885914219,0.629924105854919,"DDX10/DDX11",2
"GO:0140104","molecular carrier activity","3/177","249/18639",0.0120481927710843,1.26873596079232,0.418005029932175,0.422090270772706,0.631368885914219,0.629924105854919,"DDX10/DDX11/NDUFAB1",3
"GO:0015616","DNA translocase activity","2/177","152/18639",0.0131578947368421,1.38559322033898,0.467374352269026,0.424393260124377,0.631368885914219,0.629924105854919,"DDX10/DDX11",2
"GO:0140674","ATP-dependent histone chaperone activity","2/177","152/18639",0.0131578947368421,1.38559322033898,0.467374352269026,0.424393260124377,0.631368885914219,0.629924105854919,"DDX10/DDX11",2
"GO:0016655","oxidoreductase activity, acting on NAD(P)H, quinone or similar compound as acceptor","1/177","58/18639",0.0172413793103448,1.8156049094097,0.609124685231174,0.425505336094238,0.631368885914219,0.629924105854919,"NDUFS7",1
"GO:0017116","single-stranded DNA helicase activity","1/177","58/18639",0.0172413793103448,1.8156049094097,0.609124685231174,0.425505336094238,0.631368885914219,0.629924105854919,"DDX11",1
"GO:0001786","phosphatidylserine binding","1/177","59/18639",0.0169491525423729,1.78483194484344,0.591189533003665,0.430977891689272,0.631368885914219,0.629924105854919,"ANXA4",1
"GO:0004879","nuclear receptor activity","1/177","59/18639",0.0169491525423729,1.78483194484344,0.591189533003665,0.430977891689272,0.631368885914219,0.629924105854919,"STAT3",1
"GO:0016684","oxidoreductase activity, acting on peroxide as acceptor","1/177","59/18639",0.0169491525423729,1.78483194484344,0.591189533003665,0.430977891689272,0.631368885914219,0.629924105854919,"GPX2",1
"GO:0031593","polyubiquitin modification-dependent protein binding","1/177","59/18639",0.0169491525423729,1.78483194484344,0.591189533003665,0.430977891689272,0.631368885914219,0.629924105854919,"SPRTN",1
"GO:0036002","pre-mRNA binding","1/177","59/18639",0.0169491525423729,1.78483194484344,0.591189533003665,0.430977891689272,0.631368885914219,0.629924105854919,"PTBP1",1
"GO:0070063","RNA polymerase binding","1/177","59/18639",0.0169491525423729,1.78483194484344,0.591189533003665,0.430977891689272,0.631368885914219,0.629924105854919,"BRCA1",1
"GO:0004386","helicase activity","2/177","155/18639",0.0129032258064516,1.3587752870421,0.439174689884605,0.434146292159433,0.633991410772505,0.632540629512156,"DDX10/DDX11",2
"GO:0098531","ligand-modulated transcription factor activity","1/177","60/18639",0.0166666666666667,1.75508474576271,0.573597260034326,0.436398608221618,0.635263796778305,0.633810103879499,"STAT3",1
"GO:0140658","ATP-dependent chromatin remodeler activity","2/177","158/18639",0.0126582278481013,1.33297575627548,0.411552588447412,0.443810787037688,0.643693279303283,0.642220296970781,"DDX10/DDX11",2
"GO:0106310","protein serine kinase activity","4/177","361/18639",0.0110803324099723,1.16681534344335,0.313380646354229,0.449122292275864,0.643693279303283,0.642220296970781,"CDK11A/BRSK2/CHEK1/MAP4K3",4
"GO:0003689","DNA clamp loader activity","2/177","160/18639",0.0125,1.31631355932203,0.393446314245967,0.450203212690325,0.643693279303283,0.642220296970781,"DDX10/DDX11",2
"GO:0015079","potassium ion transmembrane transporter activity","2/177","160/18639",0.0125,1.31631355932203,0.393446314245967,0.450203212690325,0.643693279303283,0.642220296970781,"SLC24A5/SLC12A3",2
"GO:0022824","transmitter-gated monoatomic ion channel activity","1/177","63/18639",0.0158730158730159,1.67150928167877,0.522748875188042,0.452354583463024,0.643693279303283,0.642220296970781,"CHRNB1",1
"GO:0022835","transmitter-gated channel activity","1/177","63/18639",0.0158730158730159,1.67150928167877,0.522748875188042,0.452354583463024,0.643693279303283,0.642220296970781,"CHRNB1",1
"GO:1901682","sulfur compound transmembrane transporter activity","1/177","63/18639",0.0158730158730159,1.67150928167877,0.522748875188042,0.452354583463024,0.643693279303283,0.642220296970781,"ABCC11",1
"GO:0005178","integrin binding","2/177","161/18639",0.0124223602484472,1.30813769870513,0.384483055612052,0.453383961944052,0.643693279303283,0.642220296970781,"HSPG2/ILK",2
"GO:0120013","lipid transfer activity","1/177","65/18639",0.0153846153846154,1.62007822685789,0.490340034501329,0.462741535725756,0.651122628076146,0.649632644945537,"GLTPD2",1
"GO:0015081","sodium ion transmembrane transporter activity","2/177","164/18639",0.0121951219512195,1.28420835055808,0.357942649307059,0.462863259523695,0.651122628076146,0.649632644945537,"SLC24A5/SLC12A3",2
"GO:0140713","histone chaperone activity","2/177","164/18639",0.0121951219512195,1.28420835055808,0.357942649307059,0.462863259523695,0.651122628076146,0.649632644945537,"DDX10/DDX11",2
"GO:0015103","inorganic anion transmembrane transporter activity","2/177","165/18639",0.0121212121212121,1.27642526964561,0.349209586892391,0.46600175291575,0.652170315472507,0.650677934887902,"ABCC11/SLC12A3",2
"GO:0016757","glycosyltransferase activity","3/177","267/18639",0.0112359550561798,1.18320319939059,0.29522788795957,0.466878924913334,0.652170315472507,0.650677934887902,"COLGALT2/FUT8/B3GNT3",3
"GO:0008235","metalloexopeptidase activity","1/177","66/18639",0.0151515151515152,1.59553158705701,0.474550738321234,0.467861313273755,0.652170315472507,0.650677934887902,"ZMPSTE24",1
"GO:0016811","hydrolase activity, acting on carbon-nitrogen (but not peptide) bonds, in linear amides","1/177","67/18639",0.0149253731343284,1.57171768277258,0.459025277918504,0.47293257518893,0.65724768757374,0.655743688288674,"NTAN1",1
"GO:0003777","microtubule motor activity","1/177","68/18639",0.0147058823529412,1.54860418743769,0.443754574559499,0.477955778623755,0.660239213714496,0.658728368831854,"KIF20B",1
"GO:0005548","phospholipid transporter activity","1/177","68/18639",0.0147058823529412,1.54860418743769,0.443754574559499,0.477955778623755,0.660239213714496,0.658728368831854,"GLTPD2",1
"GO:0002039","p53 binding","1/177","69/18639",0.0144927536231884,1.52616064848931,0.428729997271116,0.482931376447436,0.663129651241256,0.661612192085097,"BRCA1",1
"GO:0008080","N-acetyltransferase activity","1/177","69/18639",0.0144927536231884,1.52616064848931,0.428729997271116,0.482931376447436,0.663129651241256,0.661612192085097,"KAT2A",1
"GO:0008028","monocarboxylic acid transmembrane transporter activity","1/177","70/18639",0.0142857142857143,1.5043583535109,0.413943334470262,0.487859817285821,0.66790332128416,0.666374938397926,"ABCC11",1
"GO:0004521","RNA endonuclease activity","1/177","73/18639",0.0136986301369863,1.4425354074762,0.370934471722052,0.502366621324857,0.682268676029178,0.680707420477624,"KHNYN",1
"GO:0005230","extracellular ligand-gated monoatomic ion channel activity","1/177","73/18639",0.0136986301369863,1.4425354074762,0.370934471722052,0.502366621324857,0.682268676029178,0.680707420477624,"CHRNB1",1
"GO:0043021","ribonucleoprotein complex binding","2/177","177/18639",0.0112994350282486,1.18988796322896,0.248537319222517,0.502802350378025,0.682268676029178,0.680707420477624,"NDUFAB1/UNK",2
"GO:0005319","lipid transporter activity","2/177","178/18639",0.0112359550561798,1.18320319939059,0.240470805050428,0.50579528014156,0.682922392593177,0.681359641122712,"ABCC11/GLTPD2",2
"GO:0003678","DNA helicase activity","1/177","74/18639",0.0135135135135135,1.42304168575355,0.357024862621681,0.50711083698927,0.682922392593177,0.681359641122712,"DDX11",1
"GO:0035091","phosphatidylinositol binding","3/177","284/18639",0.0105633802816901,1.1123776557651,0.186856778656172,0.507737952754058,0.682922392593177,0.681359641122712,"EPB41/ZFYVE26/MITD1",3
"GO:0016853","isomerase activity","2/177","180/18639",0.0111111111111111,1.17005649717514,0.224477238179941,0.511746222363311,0.686306887134469,0.684736390825237,"DDX11/PDIA2",2
"GO:0003724","RNA helicase activity","1/177","77/18639",0.012987012987013,1.36759850319172,0.316485360815631,0.521075319127579,0.696786763949669,0.695192286228961,"DDX10",1
"GO:0015370","solute:sodium symporter activity","1/177","79/18639",0.0126582278481013,1.33297575627548,0.290391625173523,0.530165693550191,0.704844563679445,0.703231647057753,"SLC12A3",1
"GO:0033293","monocarboxylic acid binding","1/177","79/18639",0.0126582278481013,1.33297575627548,0.290391625173523,0.530165693550191,0.704844563679445,0.703231647057753,"NDUFAB1",1
"GO:0031406","carboxylic acid binding","2/177","187/18639",0.0106951871657754,1.12625759086377,0.169903956438871,0.532203032566563,0.705260023642153,0.703646156311164,"SELL/NDUFAB1",2
"GO:0048306","calcium-dependent protein binding","1/177","80/18639",0.0125,1.31631355932203,0.277608289548896,0.534646333218382,0.705260023642153,0.703646156311164,"ANXA4",1
"GO:0140597","protein carrier chaperone","2/177","188/18639",0.0106382978723404,1.12026685899748,0.162278824239002,0.535077713589373,0.705260023642153,0.703646156311164,"DDX10/DDX11",2
"GO:0043177","organic acid binding","2/177","189/18639",0.0105820105820106,1.11433952111918,0.154694901173643,0.537940356290679,0.706492483234931,0.704875795630274,"SELL/NDUFAB1",2
"GO:0001618","virus receptor activity","1/177","81/18639",0.0123456790123457,1.30006277463905,0.264993949891601,0.53908448177274,0.706492483234931,0.704875795630274,"NECTIN2",1
"GO:0140272","exogenous protein binding","1/177","82/18639",0.0121951219512195,1.28420835055808,0.252543845972796,0.543480539900029,0.71023025100572,0.708605010156737,"NECTIN2",1
"GO:0001540","amyloid-beta binding","1/177","83/18639",0.0120481927710843,1.26873596079232,0.240253411444925,0.547834904529964,0.713892510152361,0.712258888847664,"HSPG2",1
"GO:0016209","antioxidant activity","1/177","86/18639",0.0116279069767442,1.22447772960189,0.204297159380349,0.560651751110421,0.728530524041791,0.726863406137805,"GPX2",1
"GO:0008081","phosphoric diester hydrolase activity","1/177","87/18639",0.0114942528735632,1.2104032729398,0.192603273114651,0.564843237126346,0.731909546698928,0.730234696477649,"PDE4C",1
"GO:0016829","lyase activity","2/177","200/18639",0.01,1.05305084745763,0.0738559612838827,0.568626986219605,0.73315877089674,0.731481062038852,"GUCY2C/ADCY3",2
"GO:0016651","oxidoreductase activity, acting on NAD(P)H","1/177","88/18639",0.0113636363636364,1.19664869029276,0.181048797742519,0.56899495915247,0.73315877089674,0.731481062038852,"NDUFS7",1
"GO:0004553","hydrolase activity, hydrolyzing O-glycosyl compounds","1/177","91/18639",0.010989010989011,1.15719873346992,0.14718654426053,0.581215274849578,0.744732664152663,0.743028470413183,"LYZ",1
"GO:0072341","modified amino acid binding","1/177","91/18639",0.010989010989011,1.15719873346992,0.14718654426053,0.581215274849578,0.744732664152663,0.743028470413183,"ANXA4",1
"GO:0051219","phosphoprotein binding","1/177","93/18639",0.010752688172043,1.13231273920175,0.125246304536258,0.589170115884695,0.752828481408221,0.751105761771131,"EPB41",1
"GO:0008094","ATP-dependent activity, acting on DNA","2/177","210/18639",0.00952380952380952,1.00290556900726,0.00414607229206432,0.59523273241855,0.758468301696768,0.756732676292427,"DDX10/DDX11",2
"GO:0016407","acetyltransferase activity","1/177","96/18639",0.0104166666666667,1.09692796610169,0.0932269831786309,0.600821514446291,0.763474852611309,0.761727770568721,"KAT2A",1
"GO:0004725","protein tyrosine phosphatase activity","1/177","98/18639",0.0102040816326531,1.07454168107921,0.0724423545168577,0.608405968581516,0.768864685570048,0.767105269813595,"DUSP11",1
"GO:0030527","structural constituent of chromatin","1/177","98/18639",0.0102040816326531,1.07454168107921,0.0724423545168577,0.608405968581516,0.768864685570048,0.767105269813595,"LMNTD2",1
"GO:0140097","catalytic activity, acting on DNA","3/177","336/18639",0.00892857142857143,0.94022397094431,-0.108263602364871,0.621608911741091,0.783191033402189,0.781398834241086,"DDX10/DDX11/MAU2",3
"GO:0008238","exopeptidase activity","1/177","102/18639",0.00980392156862745,1.03240279162512,0.0321299243079262,0.623147648315655,0.783191033402189,0.781398834241086,"ZMPSTE24",1
"GO:0004497","monooxygenase activity","1/177","106/18639",0.00943396226415094,0.993444195714743,-0.00662754924137889,0.637337390511146,0.798777895611594,0.796950028573581,"CYP2A6",1
"GO:0019888","protein phosphatase regulator activity","1/177","107/18639",0.00934579439252336,0.984159670521147,-0.0160894747786102,0.640801011181277,0.798777895611594,0.796950028573581,"PPP1R37",1
"GO:0016747","acyltransferase activity, transferring groups other than amino-acyl groups","2/177","229/18639",0.00873362445414847,0.91969506328177,-0.119723665446786,0.642375564484833,0.798777895611594,0.796950028573581,"KAT2A/CERS1",2
"GO:0004843","cysteine-type deubiquitinase activity","1/177","108/18639",0.00925925925925926,0.975047080979284,-0.0254642400950105,0.644231737547611,0.798777895611594,0.796950028573581,"USP24",1
"GO:0005496","steroid binding","1/177","108/18639",0.00925925925925926,0.975047080979284,-0.0254642400950105,0.644231737547611,0.798777895611594,0.796950028573581,"PDIA2",1
"GO:0005549","odorant binding","1/177","111/18639",0.00900900900900901,0.948694457169033,-0.0530833617646467,0.65432964268415,0.808852031660211,0.807001111679295,"OR9Q1",1
"GO:0141003","histone H2AX kinase activity","3/177","354/18639",0.00847457627118644,0.892415972421718,-0.200100816609386,0.656630035680976,0.808852031660211,0.807001111679295,"BRSK2/CHEK1/MAP4K3",3
"GO:0005200","structural constituent of cytoskeleton","1/177","112/18639",0.00892857142857143,0.94022397094431,-0.0621270075286805,0.657631869219389,0.808852031660211,0.807001111679295,"EPB41",1
"GO:0140996","histone H3 kinase activity","3/177","357/18639",0.00840336134453781,0.884916678535821,-0.214971831755467,0.662236921747975,0.812343957344183,0.810485046686645,"BRSK2/CHEK1/MAP4K3",3
"GO:0101005","deubiquitinase activity","1/177","115/18639",0.00869565217391304,0.915696389093589,-0.0887921606967291,0.667351511387482,0.814795243281864,0.812930723274354,"USP24",1
"GO:0035173","histone kinase activity","3/177","360/18639",0.00833333333333333,0.877542372881356,-0.229724749861636,0.667777840689702,0.814795243281864,0.812930723274354,"BRSK2/CHEK1/MAP4K3",3
"GO:0015294","solute:monoatomic cation symporter activity","1/177","116/18639",0.00862068965517241,0.907802454704851,-0.0975303096781212,0.67053002480167,0.815505355234781,0.813639210257127,"SLC12A3",1
"GO:0042578","phosphoric ester hydrolase activity","3/177","363/18639",0.00826446280991736,0.870289956576551,-0.244361766562972,0.673252771547463,0.815505355234781,0.813639210257127,"PDE4C/DUSP11/INPP4A",3
"GO:0019208","phosphatase regulator activity","1/177","117/18639",0.00854700854700855,0.900043459365493,-0.106195746433281,0.67367833693308,0.815505355234781,0.813639210257127,"PPP1R37",1
"GO:0033218","amide binding","2/177","247/18639",0.00809716599190283,0.852672750977836,-0.228225407188733,0.68296890450126,0.823193026575179,0.821309289672261,"HSPG2/GLTPD2",2
"GO:0004540","RNA nuclease activity","1/177","121/18639",0.00826446280991736,0.870289956576551,-0.140157442301918,0.685975239538866,0.823193026575179,0.821309289672261,"KHNYN",1
"GO:0015108","chloride transmembrane transporter activity","1/177","121/18639",0.00826446280991736,0.870289956576551,-0.140157442301918,0.685975239538866,0.823193026575179,0.821309289672261,"SLC12A3",1
"GO:0042277","peptide binding","2/177","249/18639",0.00803212851405622,0.845823973861548,-0.239812916108505,0.687240129987187,0.823193026575179,0.821309289672261,"HSPG2/GPR37L1",2
"GO:0008528","G protein-coupled peptide receptor activity","1/177","122/18639",0.00819672131147541,0.863156432342317,-0.148479297395749,0.688976772242269,0.823193026575179,0.821309289672261,"GPR37L1",1
"GO:0005525","GTP binding","3/177","378/18639",0.00793650793650794,0.835754640839387,-0.315881100534062,0.699639044592342,0.831975460714476,0.830071626708264,"AK4/GUCY2C/RHOF",3
"GO:0003713","transcription coactivator activity","2/177","256/18639",0.0078125,0.822695974576271,-0.27969023145875,0.701820563293771,0.831975460714476,0.830071626708264,"KAT2A/BRCA1",2
"GO:0004519","endonuclease activity","1/177","127/18639",0.0078740157480315,0.829173895635927,-0.189136932106247,0.703561856995502,0.831975460714476,0.830071626708264,"KHNYN",1
"GO:0019783","ubiquitin-like protein peptidase activity","1/177","127/18639",0.0078740157480315,0.829173895635927,-0.189136932106247,0.703561856995502,0.831975460714476,0.830071626708264,"USP24",1
"GO:0016798","hydrolase activity, acting on glycosyl bonds","1/177","130/18639",0.00769230769230769,0.810039113428944,-0.212809641363433,0.711984326257701,0.836589704962986,0.83467531204545,"LYZ",1
"GO:0016810","hydrolase activity, acting on carbon-nitrogen (but not peptide) bonds","1/177","130/18639",0.00769230769230769,0.810039113428944,-0.212809641363433,0.711984326257701,0.836589704962986,0.83467531204545,"NTAN1",1
"GO:0005262","calcium channel activity","1/177","131/18639",0.00763358778625954,0.80385560874628,-0.220586388303572,0.714738595761855,0.836589704962986,0.83467531204545,"SLC24A5",1
"GO:0031072","heat shock protein binding","1/177","131/18639",0.00763358778625954,0.80385560874628,-0.220586388303572,0.714738595761855,0.836589704962986,0.83467531204545,"NUP62",1
"GO:0005179","hormone activity","1/177","132/18639",0.00757575757575758,0.797765793528506,-0.228307659537099,0.717466673811896,0.837651446582416,0.835734624050191,"PPY",1
"GO:0051087","protein-folding chaperone binding","1/177","134/18639",0.00746268656716418,0.785858841386289,-0.243587453990803,0.72284524387417,0.841548028571354,0.839622289375539,"NUP62",1
"GO:0015297","antiporter activity","1/177","135/18639",0.00740740740740741,0.780037664783428,-0.251147760351359,0.725496224248894,0.841548028571354,0.839622289375539,"SLC24A5",1
"GO:0019838","growth factor binding","1/177","136/18639",0.00735294117647059,0.774302093718844,-0.258656158733144,0.728121989937824,0.841548028571354,0.839622289375539,"IL10RA",1
"GO:0099094","ligand-gated monoatomic cation channel activity","1/177","136/18639",0.00735294117647059,0.774302093718844,-0.258656158733144,0.728121989937824,0.841548028571354,0.839622289375539,"CHRNB1",1
"GO:0016791","phosphatase activity","2/177","273/18639",0.00732600732600733,0.77146582231328,-0.372453539535283,0.73489951440049,0.842017839160043,0.84009102488279,"DUSP11/INPP4A",2
"GO:0019001","guanyl nucleotide binding","3/177","400/18639",0.0075,0.78978813559322,-0.416134403004455,0.735387324962279,0.842017839160043,0.84009102488279,"AK4/GUCY2C/RHOF",3
"GO:0032561","guanyl ribonucleotide binding","3/177","400/18639",0.0075,0.78978813559322,-0.416134403004455,0.735387324962279,0.842017839160043,0.84009102488279,"AK4/GUCY2C/RHOF",3
"GO:0070851","growth factor receptor binding","1/177","139/18639",0.00719424460431655,0.7575905377393,-0.280878189879974,0.735850372483342,0.842017839160043,0.84009102488279,"SOS1",1
"GO:0004175","endopeptidase activity","3/177","405/18639",0.00740740740740741,0.780037664783428,-0.438209483030387,0.743030526964615,0.846400312719744,0.844463469898875,"ZMPSTE24/SPRTN/ADAMTS7",3
"GO:0020037","heme binding","1/177","142/18639",0.00704225352112676,0.741585103843399,-0.302662058930614,0.743360274649514,0.846400312719744,0.844463469898875,"CYP2A6",1
"GO:0030246","carbohydrate binding","2/177","280/18639",0.00714285714285714,0.752179176755448,-0.40910916956062,0.747591777253146,0.84776928003225,0.845829304563068,"SELL/CLEC18C",2
"GO:0019955","cytokine binding","1/177","144/18639",0.00694444444444444,0.731285310734463,-0.316951199385261,0.748248538463246,0.84776928003225,0.845829304563068,"IL10RA",1
"GO:0015085","calcium ion transmembrane transporter activity","1/177","147/18639",0.00680272108843537,0.716361120719474,-0.338048800501808,0.755407871236289,0.853777938006617,0.85182421274802,"SLC24A5",1
"GO:0015291","secondary active transmembrane transporter activity","2/177","287/18639",0.00696864111498258,0.733833343176047,-0.444938320698322,0.759762062182181,0.854844110822188,0.852887945808865,"SLC24A5/SLC12A3",2
"GO:0008509","monoatomic anion transmembrane transporter activity","1/177","149/18639",0.00671140939597315,0.706745535206461,-0.351897535395819,0.760067915926685,0.854844110822188,0.852887945808865,"SLC12A3",1
"GO:0046906","tetrapyrrole binding","1/177","152/18639",0.00657894736842105,0.692796610169492,-0.372358687247301,0.766892955570883,0.860416486738064,0.858447570292439,"CYP2A6",1
"GO:0003774","cytoskeletal motor activity","1/177","153/18639",0.0065359477124183,0.688268527750083,-0.379098272371142,0.769124791285923,0.860820934285948,0.858851092331061,"KIF20B",1
"GO:0005506","iron ion binding","1/177","154/18639",0.00649350649350649,0.683799251595862,-0.385798415860831,0.771335378321647,0.861199694242616,0.859228985560138,"CYP2A6",1
"GO:0001664","G protein-coupled receptor binding","2/177","297/18639",0.00673400673400673,0.709125149803116,-0.494775249299021,0.776270599199858,0.864611321142699,0.862632805533676,"ADRB1/PPY",2
"GO:0003779","actin binding","3/177","443/18639",0.00677200902934537,0.713126984734285,-0.598343408116021,0.795527769926305,0.883919744362561,0.881897044718711,"EPB41/CAPZA1/SNTG2",3
"GO:0005201","extracellular matrix structural constituent","1/177","168/18639",0.00595238095238095,0.62681598062954,-0.475750647698856,0.800161767046387,0.886526069458999,0.884497405684493,"HSPG2",1
"GO:0005216","monoatomic ion channel activity","3/177","448/18639",0.00669642857142857,0.705167978208232,-0.618489433285885,0.80172792368466,0.886526069458999,0.884497405684493,"SLC24A5/CHRNB1/GJC1",3
"GO:0008201","heparin binding","1/177","172/18639",0.00581395348837209,0.612238864800946,-0.500238646464386,0.807712841610629,0.890635937808589,0.888597869301018,"SELL",1
"GO:0140030","modification-dependent protein binding","1/177","173/18639",0.00578034682080925,0.608699911825218,-0.506283175346184,0.809555849518515,0.890635937808589,0.888597869301018,"SPRTN",1
"GO:0003735","structural constituent of ribosome","1/177","175/18639",0.00571428571428571,0.601743341404358,-0.51828195444783,0.813189334520885,0.890635937808589,0.888597869301018,"RPL27",1
"GO:0004721","phosphoprotein phosphatase activity","1/177","175/18639",0.00571428571428571,0.601743341404358,-0.51828195444783,0.813189334520885,0.890635937808589,0.888597869301018,"DUSP11",1
"GO:0016705","oxidoreductase activity, acting on paired donors, with incorporation or reduction of molecular oxygen","1/177","181/18639",0.00552486187845304,0.581796048319131,-0.553582066314437,0.823681333573713,0.896119558342004,0.894068941503693,"CYP2A6",1
"GO:0061135","endopeptidase regulator activity","1/177","184/18639",0.00543478260869565,0.572310243183493,-0.570857418599096,0.828705456112826,0.896119558342004,0.894068941503693,"PSME2",1
"GO:0045296","cadherin binding","2/177","334/18639",0.00598802395209581,0.630569369735106,-0.667065041187515,0.829044015813163,0.896119558342004,0.894068941503693,"CAPZA1/EPCAM",2
"GO:1901981","phosphatidylinositol phosphate binding","1/177","185/18639",0.00540540540540541,0.56921667430142,-0.576562516192031,0.83034832440153,0.896119558342004,0.894068941503693,"ZFYVE26",1
"GO:0015276","ligand-gated monoatomic ion channel activity","1/177","186/18639",0.00537634408602151,0.566156369600875,-0.582241450825643,0.831975524281281,0.896119558342004,0.894068941503693,"CHRNB1",1
"GO:0008234","cysteine-type peptidase activity","1/177","187/18639",0.0053475935828877,0.563128795431886,-0.58789452263845,0.833587204344263,0.896119558342004,0.894068941503693,"USP24",1
"GO:0022834","ligand-gated channel activity","1/177","188/18639",0.00531914893617021,0.560133429498738,-0.593522026583278,0.835183511781455,0.896119558342004,0.894068941503693,"CHRNB1",1
"GO:0046943","carboxylic acid transmembrane transporter activity","1/177","188/18639",0.00531914893617021,0.560133429498738,-0.593522026583278,0.835183511781455,0.896119558342004,0.894068941503693,"ABCC11",1
"GO:0005342","organic acid transmembrane transporter activity","1/177","189/18639",0.00529100529100529,0.557169760559591,-0.59912425254545,0.836764592395768,0.896119558342004,0.894068941503693,"ABCC11",1
"GO:0005261","monoatomic cation channel activity","2/177","341/18639",0.00586510263929619,0.617625130473682,-0.697768939314651,0.837676978450134,0.896119558342004,0.894068941503693,"SLC24A5/CHRNB1",2
"GO:0061630","ubiquitin protein ligase activity","2/177","353/18639",0.0056657223796034,0.5966293753301,-0.749167926855534,0.851567837008286,0.907935894664065,0.905858238154536,"BRCA1/TRIM43B",2
"GO:0003712","transcription coregulator activity","3/177","495/18639",0.00606060606060606,0.638212634822804,-0.798796935725683,0.8526702315106,0.907935894664065,0.905858238154536,"PA2G4/KAT2A/BRCA1",3
"GO:0003714","transcription corepressor activity","1/177","204/18639",0.00490196078431373,0.516201395812562,-0.680307153045804,0.858748629466133,0.912296465483652,0.910208830551195,"PA2G4",1
"GO:0004518","nuclease activity","1/177","209/18639",0.00478468899521531,0.503852080123267,-0.706266429823945,0.865401354283851,0.915137064300164,0.913042929141583,"KHNYN",1
"GO:0051015","actin filament binding","1/177","209/18639",0.00478468899521531,0.503852080123267,-0.706266429823945,0.865401354283851,0.915137064300164,0.913042929141583,"CAPZA1",1
"GO:0046982","protein heterodimerization activity","2/177","369/18639",0.00542005420054201,0.570759266914703,-0.815439511212608,0.868413293514742,0.916215860130232,0.914119256331307,"ADRB1/SOS1",2
"GO:0061659","ubiquitin-like protein ligase activity","2/177","372/18639",0.00537634408602151,0.566156369600875,-0.82759526024016,0.87137066237646,0.917232276185748,0.915133346491959,"BRCA1/TRIM43B",2
"GO:0015631","tubulin binding","2/177","385/18639",0.00519480519480519,0.547039401276689,-0.879343750281459,0.883495821556123,0.926037487947598,0.92391840902781,"KIF20B/BRCA1",2
"GO:0140098","catalytic activity, acting on RNA","2/177","387/18639",0.00516795865633075,0.544212324267508,-0.887175916683354,0.885265160462649,0.926037487947598,0.92391840902781,"DDX10/KHNYN",2
"GO:0061134","peptidase regulator activity","1/177","226/18639",0.00442477876106195,0.465951702414879,-0.790896022691021,0.885774988471616,0.926037487947598,0.92391840902781,"PSME2",1
"GO:0005539","glycosaminoglycan binding","1/177","242/18639",0.00413223140495868,0.435144978288276,-0.866000387766069,0.90213797246895,0.941005594865571,0.938852263984872,"SELL",1
"GO:0004857","enzyme inhibitor activity","2/177","416/18639",0.00480769230769231,0.50627444589309,-0.997170098651386,0.908284481746693,0.945273442541808,0.943110345419286,"PPP1R37/ANXA4",2
"GO:0004984","olfactory receptor activity","2/177","419/18639",0.00477326968973747,0.502649569192185,-1.00818965581501,0.910403389285963,0.94533986246398,0.94317661335079,"OR6F1/OR9Q1",2
"GO:0019887","protein kinase regulator activity","1/177","255/18639",0.00392156862745098,0.41296111665005,-0.924195535864447,0.913699353509858,0.946625456339042,0.944459265363438,"CCNP",1
"GO:0003730","mRNA 3'-UTR binding","1/177","262/18639",0.00381679389312977,0.40192780437314,-0.954583369850397,0.919351203444279,0.948333294132298,0.946163195061057,"ZFP36L2",1
"GO:0008514","organic anion transmembrane transporter activity","1/177","269/18639",0.00371747211895911,0.391468716526999,-0.984354168655252,0.924634866607915,0.948333294132298,0.946163195061057,"ABCC11",1
"GO:0005126","cytokine receptor binding","1/177","275/18639",0.00363636363636364,0.382927580893683,-1.00940570250911,0.92888880111591,0.948333294132298,0.946163195061057,"SMAD3",1
"GO:1901681","sulfur compound binding","1/177","275/18639",0.00363636363636364,0.382927580893683,-1.00940570250911,0.92888880111591,0.948333294132298,0.946163195061057,"SELL",1
"GO:0004842","ubiquitin-protein transferase activity","2/177","449/18639",0.0044543429844098,0.469064965459968,-1.11505199328713,0.929220657659,0.948333294132298,0.946163195061057,"BRCA1/TRIM43B",2
"GO:0008017","microtubule binding","1/177","276/18639",0.0036231884057971,0.381540162122329,-1.0135405756756,0.9295742009309,0.948333294132298,0.946163195061057,"KIF20B",1
"GO:0046873","metal ion transmembrane transporter activity","2/177","450/18639",0.00444444444444444,0.468022598870057,-1.118515334323,0.929778947073188,0.948333294132298,0.946163195061057,"SLC24A5/SLC12A3",2
"GO:0031267","small GTPase binding","1/177","283/18639",0.00353356890459364,0.372102772953225,-1.04217265058199,0.934191526648199,0.950725889951707,0.948550315832824,"VPS9D1",1
"GO:0019207","kinase regulator activity","1/177","287/18639",0.00348432055749129,0.366916671588023,-1.05829571730331,0.936693515653836,0.951167808390209,0.948991223016318,"CCNP",1
"GO:0019787","ubiquitin-like protein transferase activity","2/177","479/18639",0.00417536534446764,0.439687201443686,-1.21643047198931,0.944276845445371,0.95675627512086,0.954566901493581,"BRCA1/TRIM43B",2
"GO:0016755","aminoacyltransferase activity","2/177","496/18639",0.00403225806451613,0.424617277200656,-1.27171565801004,0.951407958308235,0.959390396219087,0.957194994854742,"BRCA1/TRIM43B",2
"GO:0051020","GTPase binding","1/177","315/18639",0.00317460317460317,0.334301856335755,-1.16672739364435,0.951748643735734,0.959390396219087,0.957194994854742,"VPS9D1",1
"GO:0022836","gated channel activity","1/177","318/18639",0.00314465408805031,0.331148065238248,-1.17792021184307,0.953133502330702,0.959390396219087,0.957194994854742,"CHRNB1",1
"GO:0030371","translation repressor activity","1/177","329/18639",0.00303951367781155,0.32007624542785,-1.21831868475611,0.95788156128813,0.960780606070516,0.958582023447929,"ZNF540",1
"GO:0003924","GTPase activity","1/177","331/18639",0.00302114803625378,0.318142249987199,-1.22555904529243,0.958691952579059,0.960780606070516,0.958582023447929,"RHOF",1
"GO:0045182","translation regulator activity","1/177","356/18639",0.00280898876404494,0.295800799847648,-1.31354123366694,0.967604365890651,0.967604365890651,0.965390168257034,"ZNF540",1
